emoji,group,before path,old_path,image_path,
4ï¸âƒ£,misc,34-20e3.svg,emoji_images/34-20e3.svg,https://twemoji.maxcdn.com/v/latest/svg/34-20e3.svg,https://twemoji.maxcdn.com/v/latest/72x72/2764.png
\U0001f9a4,animal,1f9a4.svg,emoji_images/1f9a4.svg,https://twemoji.maxcdn.com/v/latest/svg/1f9a4.svg,
\U0001f90cğŸ¼,hand,1f90c-1f3fc.svg,emoji_images/1f90c-1f3fc.svg,https://twemoji.maxcdn.com/v/latest/svg/1f90c-1f3fc.svg,
\U0001f972,sentiment,1f972.svg,emoji_images/1f972.svg,https://twemoji.maxcdn.com/v/latest/svg/1f972.svg,
\U0001f977,misc,1f977.svg,emoji_images/1f977.svg,https://twemoji.maxcdn.com/v/latest/svg/1f977.svg,
\U0001f978,sentiment,1f978.svg,emoji_images/1f978.svg,https://twemoji.maxcdn.com/v/latest/svg/1f978.svg,
\U0001fa9c,tool,1fa9c.svg,emoji_images/1fa9c.svg,https://twemoji.maxcdn.com/v/latest/svg/1fa9c.svg,
\U0001fa9e,furniture,1fa9e.svg,emoji_images/1fa9e.svg,https://twemoji.maxcdn.com/v/latest/svg/1fa9e.svg,
\U0001fa84,tool,1fa84.svg,emoji_images/1fa84.svg,https://twemoji.maxcdn.com/v/latest/svg/1fa84.svg,
\U0001faa6,halloween,1faa6.svg,emoji_images/1faa6.svg,https://twemoji.maxcdn.com/v/latest/svg/1faa6.svg,
\U0001faa8,misc,1faa8.svg,emoji_images/1faa8.svg,https://twemoji.maxcdn.com/v/latest/svg/1faa8.svg,
\U0001fab2,bug,1fab2.svg,emoji_images/1fab2.svg,https://twemoji.maxcdn.com/v/latest/svg/1fab2.svg,
\U0001fab3,bug,1fab3.svg,emoji_images/1fab3.svg,https://twemoji.maxcdn.com/v/latest/svg/1fab3.svg,
\U0001fab4,plant,1fab4.svg,emoji_images/1fab4.svg,https://twemoji.maxcdn.com/v/latest/svg/1fab4.svg,
\U0001fab5,misc,1fab5.svg,emoji_images/1fab5.svg,https://twemoji.maxcdn.com/v/latest/svg/1fab5.svg,
\U0001fab6,nature,1fab6.svg,emoji_images/1fab6.svg,https://twemoji.maxcdn.com/v/latest/svg/1fab6.svg,
\U0001fad0,fruit,1fad0.svg,emoji_images/1fad0.svg,https://twemoji.maxcdn.com/v/latest/svg/1fad0.svg,
\U0001fad1,fruit,1fad1.svg,emoji_images/1fad1.svg,https://twemoji.maxcdn.com/v/latest/svg/1fad1.svg,
\U0001fad6,misc,1fad6.svg,emoji_images/1fad6.svg,https://twemoji.maxcdn.com/v/latest/svg/1fad6.svg,
boy,misc,1f466.svg,emoji_images/1f466.svg,https://twemoji.maxcdn.com/v/latest/svg/1f466.svg,
girl,misc,1f467.svg,emoji_images/1f467.svg,https://twemoji.maxcdn.com/v/latest/svg/1f467.svg,
woman,misc,1f469.svg,emoji_images/1f469.svg,https://twemoji.maxcdn.com/v/latest/svg/1f469.svg,
Â©ï¸,misc,a9.svg,emoji_images/a9.svg,https://twemoji.maxcdn.com/v/latest/svg/a9.svg,
Â®,misc,ae.svg,emoji_images/ae.svg,https://twemoji.maxcdn.com/v/latest/svg/ae.svg,
â€¼,misc,203c.svg,emoji_images/203c.svg,https://twemoji.maxcdn.com/v/latest/svg/203c.svg,
â‰ï¸,misc,2049.svg,emoji_images/2049.svg,https://twemoji.maxcdn.com/v/latest/svg/2049.svg,
â„¢,misc,2122.svg,emoji_images/2122.svg,https://twemoji.maxcdn.com/v/latest/svg/2122.svg,
â°,misc,23f0.svg,emoji_images/23f0.svg,https://twemoji.maxcdn.com/v/latest/svg/23f0.svg,
â–ª,misc,25aa.svg,emoji_images/25aa.svg,https://twemoji.maxcdn.com/v/latest/svg/25aa.svg,
â–¶ï¸,misc,25b6.svg,emoji_images/25b6.svg,https://twemoji.maxcdn.com/v/latest/svg/25b6.svg,
â˜€ï¸,stars,2600.svg,emoji_images/2600.svg,https://twemoji.maxcdn.com/v/latest/svg/2600.svg,
â˜ï¸,misc,2601.svg,emoji_images/2601.svg,https://twemoji.maxcdn.com/v/latest/svg/2601.svg,
â˜ƒï¸,weather,2603.svg,emoji_images/2603.svg,https://twemoji.maxcdn.com/v/latest/svg/2603.svg,
â˜‘ï¸,misc,2611.svg,emoji_images/2611.svg,https://twemoji.maxcdn.com/v/latest/svg/2611.svg,
â˜”,weather,2614.svg,emoji_images/2614.svg,https://twemoji.maxcdn.com/v/latest/svg/2614.svg,
â˜•,food,2615.svg,emoji_images/2615.svg,https://twemoji.maxcdn.com/v/latest/svg/2615.svg,
â˜ ï¸,seasonal,2620.svg,emoji_images/2620.svg,https://twemoji.maxcdn.com/v/latest/svg/2620.svg,
â˜®ï¸,misc,262e.svg,emoji_images/262e.svg,https://twemoji.maxcdn.com/v/latest/svg/262e.svg,
â˜¹ï¸,sentiment,2639.svg,emoji_images/2639.svg,https://twemoji.maxcdn.com/v/latest/svg/2639.svg,
â˜º,sentiment,263a.svg,emoji_images/263a.svg,https://twemoji.maxcdn.com/v/latest/svg/263a.svg,
â™¥,heart,2665.svg,emoji_images/2665.svg,https://twemoji.maxcdn.com/v/latest/svg/2665.svg,
â™»ï¸,misc,267b.svg,emoji_images/267b.svg,https://twemoji.maxcdn.com/v/latest/svg/267b.svg,
âš“,tool,2693.svg,emoji_images/2693.svg,https://twemoji.maxcdn.com/v/latest/svg/2693.svg,
âš”ï¸,tool,2694.svg,emoji_images/2694.svg,https://twemoji.maxcdn.com/v/latest/svg/2694.svg,
âšœï¸,misc,269c.svg,emoji_images/269c.svg,https://twemoji.maxcdn.com/v/latest/svg/269c.svg,
âš ï¸,misc,26a0.svg,emoji_images/26a0.svg,https://twemoji.maxcdn.com/v/latest/svg/26a0.svg,
âš¡,weather,26a1.svg,emoji_images/26a1.svg,https://twemoji.maxcdn.com/v/latest/svg/26a1.svg,
âš°ï¸,halloween,26b0.svg,emoji_images/26b0.svg,https://twemoji.maxcdn.com/v/latest/svg/26b0.svg,
â›„,weather,26c4.svg,emoji_images/26c4.svg,https://twemoji.maxcdn.com/v/latest/svg/26c4.svg,
â›…,weather,26c5.svg,emoji_images/26c5.svg,https://twemoji.maxcdn.com/v/latest/svg/26c5.svg,
â›ˆ,weather,26c8.svg,emoji_images/26c8.svg,https://twemoji.maxcdn.com/v/latest/svg/26c8.svg,
â›,tool,26cf.svg,emoji_images/26cf.svg,https://twemoji.maxcdn.com/v/latest/svg/26cf.svg,
â›©ï¸,misc,26e9.svg,emoji_images/26e9.svg,https://twemoji.maxcdn.com/v/latest/svg/26e9.svg,
â›ª,misc,26ea.svg,emoji_images/26ea.svg,https://twemoji.maxcdn.com/v/latest/svg/26ea.svg,
â›°,misc,26f0.svg,emoji_images/26f0.svg,https://twemoji.maxcdn.com/v/latest/svg/26f0.svg,
â›±,misc,26f1.svg,emoji_images/26f1.svg,https://twemoji.maxcdn.com/v/latest/svg/26f1.svg,
â›²,misc,26f2.svg,emoji_images/26f2.svg,https://twemoji.maxcdn.com/v/latest/svg/26f2.svg,
â›´,transportation,26f4.svg,emoji_images/26f4.svg,https://twemoji.maxcdn.com/v/latest/svg/26f4.svg,
â›µ,transportation,26f5.svg,emoji_images/26f5.svg,https://twemoji.maxcdn.com/v/latest/svg/26f5.svg,
â›¹ğŸ»\u200dâ™€ï¸,misc,26f9-1f3fb-200d-2640-fe0f.svg,emoji_images/26f9-1f3fb-200d-2640-fe0f.svg,https://twemoji.maxcdn.com/v/latest/svg/26f9-1f3fb-200d-2640-fe0f.svg,
â›º,camping,26fa.svg,emoji_images/26fa.svg,https://twemoji.maxcdn.com/v/latest/svg/26fa.svg,
âœ…,misc,2705.svg,emoji_images/2705.svg,https://twemoji.maxcdn.com/v/latest/svg/2705.svg,
âœˆï¸,transportation,2708.svg,emoji_images/2708.svg,https://twemoji.maxcdn.com/v/latest/svg/2708.svg,
âœŠ,hand,270a.svg,emoji_images/270a.svg,https://twemoji.maxcdn.com/v/latest/svg/270a.svg,
âœŠğŸ¾,hand,270a-1f3fe.svg,emoji_images/270a-1f3fe.svg,https://twemoji.maxcdn.com/v/latest/svg/270a-1f3fe.svg,
âœ‹ğŸ»,hand,270b-1f3fb.svg,emoji_images/270b-1f3fb.svg,https://twemoji.maxcdn.com/v/latest/svg/270b-1f3fb.svg,
âœŒ,hand,270c.svg,emoji_images/270c.svg,https://twemoji.maxcdn.com/v/latest/svg/270c.svg,
âœŒğŸ»,hand,270c-1f3fb.svg,emoji_images/270c.svg,https://twemoji.maxcdn.com/v/latest/svg/270c-1f3fb.svg,
âœŒğŸ½,hand,270c-1f3fd.svg,emoji_images/270c-1f3fd.svg,https://twemoji.maxcdn.com/v/latest/svg/270c-1f3fd.svg,
âœ”ï¸,misc,2714.svg,emoji_images/2714.svg,https://twemoji.maxcdn.com/v/latest/svg/2714.svg,
âœ,misc,271d.svg,emoji_images/271d.svg,https://twemoji.maxcdn.com/v/latest/svg/271d.svg,
âœ¨,stars,2728.svg,emoji_images/2728.svg,https://twemoji.maxcdn.com/v/latest/svg/2728.svg,
â„ï¸,seasonal,2744.svg,emoji_images/2744.svg,https://twemoji.maxcdn.com/v/latest/svg/2744.svg,
â‡ï¸,stars,2747.svg,emoji_images/2747.svg,https://twemoji.maxcdn.com/v/latest/svg/2747.svg,
â•,misc,2755.svg,emoji_images/2755.svg,https://twemoji.maxcdn.com/v/latest/svg/2755.svg,
â£ï¸,heart,2763.svg,emoji_images/2763.svg,https://twemoji.maxcdn.com/v/latest/svg/2763.svg,
â¤ï¸,heart,2764.svg,emoji_images/2764.svg,https://twemoji.maxcdn.com/v/latest/svg/2764.svg,
â¤ï¸\u200dğŸ”¥,heart,2764-fe0f-200d-1f525.svg,emoji_images/2764-fe0f-200d-1f525.svg,https://twemoji.maxcdn.com/v/latest/svg/2764-fe0f-200d-1f525.svg,
â¤ï¸\u200dğŸ©¹,heart,2764-fe0f-200d-1fa79.svg,emoji_images/2764-fe0f-200d-1fa79.svg,https://twemoji.maxcdn.com/v/latest/svg/2764-fe0f-200d-1fa79.svg,
â¡ï¸,misc,27a1.svg,emoji_images/27a1.svg,https://twemoji.maxcdn.com/v/latest/svg/27a1.svg,
â¤µï¸,misc,2935.svg,emoji_images/2935.svg,https://twemoji.maxcdn.com/v/latest/svg/2935.svg,
â¬‡ï¸,misc,2b07.svg,emoji_images/2b07.svg,https://twemoji.maxcdn.com/v/latest/svg/2b07.svg,
â­,stars,2b50.svg,emoji_images/2b50.svg,https://twemoji.maxcdn.com/v/latest/svg/2b50.svg,
â­•,misc,2b55.svg,emoji_images/2b55.svg,https://twemoji.maxcdn.com/v/latest/svg/2b55.svg,
ğŸƒ,misc,1f0cf.svg,emoji_images/1f0cf.svg,https://twemoji.maxcdn.com/v/latest/svg/1f0cf.svg,
ğŸ‡¬ğŸ‡§,flag,1f1ec-1f1e7.svg,emoji_images/1f1ec-1f1e7.svg,https://twemoji.maxcdn.com/v/latest/svg/1f1ec-1f1e7.svg,
ğŸ‡®ğŸ‡³,flag,1f1ee-1f1f3.svg,emoji_images/1f1ee-1f1f3.svg,https://twemoji.maxcdn.com/v/latest/svg/1f1ee-1f1f3.svg,
ğŸ‡¯ğŸ‡²,flag,1f1ef-1f1f2.svg,emoji_images/1f1ef-1f1f2.svg,https://twemoji.maxcdn.com/v/latest/svg/1f1ef-1f1f2.svg,
ğŸ‡¯ğŸ‡µ,flag,1f1ef-1f1f5.svg,emoji_images/1f1ef-1f1f5.svg,https://twemoji.maxcdn.com/v/latest/svg/1f1ef-1f1f5.svg,
ğŸ‡²ğŸ‡½,flag,1f1f2-1f1fd.svg,emoji_images/1f1f2-1f1fd.svg,https://twemoji.maxcdn.com/v/latest/svg/1f1f2-1f1fd.svg,
ğŸ‡³ğŸ‡¿,flag,1f1f3-1f1ff.svg,emoji_images/1f1f3-1f1ff.svg,https://twemoji.maxcdn.com/v/latest/svg/1f1f3-1f1ff.svg,
ğŸ‡ºğŸ‡¸,flag,1f1fa-1f1f8.svg,emoji_images/1f1fa-1f1f8.svg,https://twemoji.maxcdn.com/v/latest/svg/1f1fa-1f1f8.svg,
ğŸŒƒ,misc,1f303.svg,emoji_images/1f303.svg,https://twemoji.maxcdn.com/v/latest/svg/1f303.svg,
ğŸŒ„,misc,1f304.svg,emoji_images/1f304.svg,https://twemoji.maxcdn.com/v/latest/svg/1f304.svg,
ğŸŒ…,misc,1f305.svg,emoji_images/1f305.svg,https://twemoji.maxcdn.com/v/latest/svg/1f305.svg,
ğŸŒˆ,misc,1f308.svg,emoji_images/1f308.svg,https://twemoji.maxcdn.com/v/latest/svg/1f308.svg,
ğŸŒŠ,misc,1f30a.svg,emoji_images/1f30a.svg,https://twemoji.maxcdn.com/v/latest/svg/1f30a.svg,
ğŸŒŒ,misc,1f30c.svg,emoji_images/1f30c.svg,https://twemoji.maxcdn.com/v/latest/svg/1f30c.svg,
ğŸŒ’,stars,1f312.svg,emoji_images/1f312.svg,https://twemoji.maxcdn.com/v/latest/svg/1f312.svg,
ğŸŒ”,stars,1f314.svg,emoji_images/1f314.svg,https://twemoji.maxcdn.com/v/latest/svg/1f314.svg,
ğŸŒ•,stars,1f315.svg,emoji_images/1f315.svg,https://twemoji.maxcdn.com/v/latest/svg/1f315.svg,
ğŸŒ–,stars,1f316.svg,emoji_images/1f316.svg,https://twemoji.maxcdn.com/v/latest/svg/1f316.svg,
ğŸŒ˜,stars,1f318.svg,emoji_images/1f318.svg,https://twemoji.maxcdn.com/v/latest/svg/1f318.svg,
ğŸŒ™,stars,1f319.svg,emoji_images/1f319.svg,https://twemoji.maxcdn.com/v/latest/svg/1f319.svg,
ğŸŒš,stars,1f31a.svg,emoji_images/1f31a.svg,https://twemoji.maxcdn.com/v/latest/svg/1f31a.svg,
ğŸŒ›,stars,1f31b.svg,emoji_images/1f31b.svg,https://twemoji.maxcdn.com/v/latest/svg/1f31b.svg,
ğŸŒœ,stars,1f31c.svg,emoji_images/1f31c.svg,https://twemoji.maxcdn.com/v/latest/svg/1f31c.svg,
ğŸŒ,stars,1f31d.svg,emoji_images/1f31d.svg,https://twemoji.maxcdn.com/v/latest/svg/1f31d.svg,
ğŸŒ,stars,1f31e.svg,emoji_images/1f31e.svg,https://twemoji.maxcdn.com/v/latest/svg/1f31e.svg,
ğŸŒŸ,stars,1f31f.svg,emoji_images/1f31f.svg,https://twemoji.maxcdn.com/v/latest/svg/1f31f.svg,
ğŸŒ ,stars,1f320.svg,emoji_images/1f320.svg,https://twemoji.maxcdn.com/v/latest/svg/1f320.svg,
ğŸŒ¥,weather,1f325.svg,emoji_images/1f325.svg,https://twemoji.maxcdn.com/v/latest/svg/1f325.svg,
ğŸŒ§,weather,1f327.svg,emoji_images/1f327.svg,https://twemoji.maxcdn.com/v/latest/svg/1f327.svg,
ğŸŒ¨,weather,1f328.svg,emoji_images/1f328.svg,https://twemoji.maxcdn.com/v/latest/svg/1f328.svg,
ğŸŒ©,weather,1f329.svg,emoji_images/1f329.svg,https://twemoji.maxcdn.com/v/latest/svg/1f329.svg,
ğŸŒ¬,weather,1f32c.svg,emoji_images/1f32c.svg,https://twemoji.maxcdn.com/v/latest/svg/1f32c.svg,
ğŸŒ°,fruit,1f330.svg,emoji_images/1f330.svg,https://twemoji.maxcdn.com/v/latest/svg/1f330.svg,
ğŸŒ±,plant,1f331.svg,emoji_images/1f331.svg,https://twemoji.maxcdn.com/v/latest/svg/1f331.svg,
ğŸŒ²,plant,1f332.svg,emoji_images/1f332.svg,https://twemoji.maxcdn.com/v/latest/svg/1f332.svg,
ğŸŒ³,plant,1f333.svg,emoji_images/1f333.svg,https://twemoji.maxcdn.com/v/latest/svg/1f333.svg,
ğŸŒ´,plant,1f334.svg,emoji_images/1f334.svg,https://twemoji.maxcdn.com/v/latest/svg/1f334.svg,
ğŸŒµ,plant,1f335.svg,emoji_images/1f335.svg,https://twemoji.maxcdn.com/v/latest/svg/1f335.svg,
ğŸŒ·,flower,1f337.svg,emoji_images/1f337.svg,https://twemoji.maxcdn.com/v/latest/svg/1f337.svg,
ğŸŒ¸,flower,1f338.svg,emoji_images/1f338.svg,https://twemoji.maxcdn.com/v/latest/svg/1f338.svg,
ğŸŒ¹,flower,1f339.svg,emoji_images/1f339.svg,https://twemoji.maxcdn.com/v/latest/svg/1f339.svg,
ğŸŒº,flower,1f33a.svg,emoji_images/1f33a.svg,https://twemoji.maxcdn.com/v/latest/svg/1f33a.svg,
ğŸŒ»,flower,1f33b.svg,emoji_images/1f33b.svg,https://twemoji.maxcdn.com/v/latest/svg/1f33b.svg,
ğŸŒ¼,flower,1f33c.svg,emoji_images/1f33c.svg,https://twemoji.maxcdn.com/v/latest/svg/1f33c.svg,
ğŸŒ½,fruit,1f33d.svg,emoji_images/1f33d.svg,https://twemoji.maxcdn.com/v/latest/svg/1f33d.svg,
ğŸŒ¾,plant,1f33e.svg,emoji_images/1f33e.svg,https://twemoji.maxcdn.com/v/latest/svg/1f33e.svg,
ğŸŒ¿,plant,1f33f.svg,emoji_images/1f33f.svg,https://twemoji.maxcdn.com/v/latest/svg/1f33f.svg,
ğŸ€,plant,1f340.svg,emoji_images/1f340.svg,https://twemoji.maxcdn.com/v/latest/svg/1f340.svg,
ğŸ,seasonal,1f341.svg,emoji_images/1f341.svg,https://twemoji.maxcdn.com/v/latest/svg/1f341.svg,
ğŸ‚,seasonal,1f342.svg,emoji_images/1f342.svg,https://twemoji.maxcdn.com/v/latest/svg/1f342.svg,
ğŸƒ,plant,1f343.svg,emoji_images/1f343.svg,https://twemoji.maxcdn.com/v/latest/svg/1f343.svg,
ğŸ„,seasonal,1f344.svg,emoji_images/1f344.svg,https://twemoji.maxcdn.com/v/latest/svg/1f344.svg,
ğŸ…,fruit,1f345.svg,emoji_images/1f345.svg,https://twemoji.maxcdn.com/v/latest/svg/1f345.svg,
ğŸ†,fruit,1f346.svg,emoji_images/1f346.svg,https://twemoji.maxcdn.com/v/latest/svg/1f346.svg,
ğŸŠ,fruit,1f34a.svg,emoji_images/1f34a.svg,https://twemoji.maxcdn.com/v/latest/svg/1f34a.svg,
ğŸ‹,fruit,1f34b.svg,emoji_images/1f34b.svg,https://twemoji.maxcdn.com/v/latest/svg/1f34b.svg,
ğŸŒ,fruit,1f34c.svg,emoji_images/1f34c.svg,https://twemoji.maxcdn.com/v/latest/svg/1f34c.svg,
ğŸ,fruit,1f34d.svg,emoji_images/1f34d.svg,https://twemoji.maxcdn.com/v/latest/svg/1f34d.svg,
ğŸ,fruit,1f34e.svg,emoji_images/1f34e.svg,https://twemoji.maxcdn.com/v/latest/svg/1f34e.svg,
ğŸ,fruit,1f350.svg,emoji_images/1f350.svg,https://twemoji.maxcdn.com/v/latest/svg/1f350.svg,
ğŸ‘,fruit,1f351.svg,emoji_images/1f351.svg,https://twemoji.maxcdn.com/v/latest/svg/1f351.svg,
ğŸ’,fruit,1f352.svg,emoji_images/1f352.svg,https://twemoji.maxcdn.com/v/latest/svg/1f352.svg,
ğŸ“,fruit,1f353.svg,emoji_images/1f353.svg,https://twemoji.maxcdn.com/v/latest/svg/1f353.svg,
ğŸ•,food,1f355.svg,emoji_images/1f355.svg,https://twemoji.maxcdn.com/v/latest/svg/1f355.svg,
ğŸ›,food,1f35b.svg,emoji_images/1f35b.svg,https://twemoji.maxcdn.com/v/latest/svg/1f35b.svg,
ğŸŸ,food,1f35f.svg,emoji_images/1f35f.svg,https://twemoji.maxcdn.com/v/latest/svg/1f35f.svg,
ğŸ£,food,1f363.svg,emoji_images/1f363.svg,https://twemoji.maxcdn.com/v/latest/svg/1f363.svg,
ğŸ¨,food,1f368.svg,emoji_images/1f368.svg,https://twemoji.maxcdn.com/v/latest/svg/1f368.svg,
ğŸ©,food,1f369.svg,emoji_images/1f369.svg,https://twemoji.maxcdn.com/v/latest/svg/1f369.svg,
ğŸª,food,1f36a.svg,emoji_images/1f36a.svg,https://twemoji.maxcdn.com/v/latest/svg/1f36a.svg,
ğŸ«,food,1f36b.svg,emoji_images/1f36b.svg,https://twemoji.maxcdn.com/v/latest/svg/1f36b.svg,
ğŸ¬,food,1f36c.svg,emoji_images/1f36c.svg,https://twemoji.maxcdn.com/v/latest/svg/1f36c.svg,
ğŸ­,food,1f36d.svg,emoji_images/1f36d.svg,https://twemoji.maxcdn.com/v/latest/svg/1f36d.svg,
ğŸ¯,food,1f36f.svg,emoji_images/1f36f.svg,https://twemoji.maxcdn.com/v/latest/svg/1f36f.svg,
ğŸ°,food,1f370.svg,emoji_images/1f370.svg,https://twemoji.maxcdn.com/v/latest/svg/1f370.svg,
ğŸ²,food,1f372.svg,emoji_images/1f372.svg,https://twemoji.maxcdn.com/v/latest/svg/1f372.svg,
ğŸ³,food,1f373.svg,emoji_images/1f373.svg,https://twemoji.maxcdn.com/v/latest/svg/1f373.svg,
ğŸµ,food,1f375.svg,emoji_images/1f375.svg,https://twemoji.maxcdn.com/v/latest/svg/1f375.svg,
ğŸ¶,food,1f376.svg,emoji_images/1f376.svg,https://twemoji.maxcdn.com/v/latest/svg/1f376.svg,
ğŸ·,food,1f377.svg,emoji_images/1f377.svg,https://twemoji.maxcdn.com/v/latest/svg/1f377.svg,
ğŸ¸,food,1f378.svg,emoji_images/1f378.svg,https://twemoji.maxcdn.com/v/latest/svg/1f378.svg,
ğŸ¹,food,1f379.svg,emoji_images/1f379.svg,https://twemoji.maxcdn.com/v/latest/svg/1f379.svg,
ğŸ½,food,1f37d.svg,emoji_images/1f37d.svg,https://twemoji.maxcdn.com/v/latest/svg/1f37d.svg,
ğŸ€,misc,1f380.svg,emoji_images/1f380.svg,https://twemoji.maxcdn.com/v/latest/svg/1f380.svg,
ğŸ,misc,1f381.svg,emoji_images/1f381.svg,https://twemoji.maxcdn.com/v/latest/svg/1f381.svg,
ğŸ‚,food,1f382.svg,emoji_images/1f382.svg,https://twemoji.maxcdn.com/v/latest/svg/1f382.svg,
ğŸƒ,seasonal,1f383.svg,emoji_images/1f383.svg,https://twemoji.maxcdn.com/v/latest/svg/1f383.svg,
ğŸ„,seasonal,1f384.svg,emoji_images/1f384.svg,https://twemoji.maxcdn.com/v/latest/svg/1f384.svg,
ğŸ…,seasonal,1f385.svg,emoji_images/1f385.svg,https://twemoji.maxcdn.com/v/latest/svg/1f385.svg,
ğŸ…ğŸ»,seasonal,1f385-1f3fb.svg,emoji_images/1f385-1f3fb.svg,https://twemoji.maxcdn.com/v/latest/svg/1f385-1f3fb.svg,
ğŸ†,misc,1f386.svg,emoji_images/1f386.svg,https://twemoji.maxcdn.com/v/latest/svg/1f386.svg,
ğŸˆ,misc,1f388.svg,emoji_images/1f388.svg,https://twemoji.maxcdn.com/v/latest/svg/1f388.svg,
ğŸ‰,misc,1f389.svg,emoji_images/1f389.svg,https://twemoji.maxcdn.com/v/latest/svg/1f389.svg,
ğŸŠ,misc,1f38a.svg,emoji_images/1f38a.svg,https://twemoji.maxcdn.com/v/latest/svg/1f38a.svg,
ğŸ‹,plant,1f38b.svg,emoji_images/1f38b.svg,https://twemoji.maxcdn.com/v/latest/svg/1f38b.svg,
ğŸ,plant,1f38d.svg,emoji_images/1f38d.svg,https://twemoji.maxcdn.com/v/latest/svg/1f38d.svg,
ğŸ—,misc,1f397.svg,emoji_images/1f397.svg,https://twemoji.maxcdn.com/v/latest/svg/1f397.svg,
ğŸ™ï¸,tool,1f399.svg,emoji_images/1f399.svg,https://twemoji.maxcdn.com/v/latest/svg/1f399.svg,
ğŸŸ,misc,1f39f.svg,emoji_images/1f39f.svg,https://twemoji.maxcdn.com/v/latest/svg/1f39f.svg,
ğŸ ,misc,1f3a0.svg,emoji_images/1f3a0.svg,https://twemoji.maxcdn.com/v/latest/svg/1f3a0.svg,
ğŸ¡,misc,1f3a1.svg,emoji_images/1f3a1.svg,https://twemoji.maxcdn.com/v/latest/svg/1f3a1.svg,
ğŸ£,tool,1f3a3.svg,emoji_images/1f3a3.svg,https://twemoji.maxcdn.com/v/latest/svg/1f3a3.svg,
ğŸ¤,tool,1f3a4.svg,emoji_images/1f3a4.svg,https://twemoji.maxcdn.com/v/latest/svg/1f3a4.svg,
ğŸ¥,tool,1f3a5.svg,emoji_images/1f3a5.svg,https://twemoji.maxcdn.com/v/latest/svg/1f3a5.svg,
ğŸ§,tool,1f3a7.svg,emoji_images/1f3a7.svg,https://twemoji.maxcdn.com/v/latest/svg/1f3a7.svg,
ğŸ¨,tool,1f3a8.svg,emoji_images/1f3a8.svg,https://twemoji.maxcdn.com/v/latest/svg/1f3a8.svg,
ğŸ¬,tool,1f3ac.svg,emoji_images/1f3ac.svg,https://twemoji.maxcdn.com/v/latest/svg/1f3ac.svg,
ğŸ®,tool,1f3ae.svg,emoji_images/1f3ae.svg,https://twemoji.maxcdn.com/v/latest/svg/1f3ae.svg,
ğŸ²,tool,1f3b2.svg,emoji_images/1f3b2.svg,https://twemoji.maxcdn.com/v/latest/svg/1f3b2.svg,
ğŸ³,tool,1f3b3.svg,emoji_images/1f3b3.svg,https://twemoji.maxcdn.com/v/latest/svg/1f3b3.svg,
ğŸµ,music,1f3b5.svg,emoji_images/1f3b5.svg,https://twemoji.maxcdn.com/v/latest/svg/1f3b5.svg,
ğŸ¶,music,1f3b6.svg,emoji_images/1f3b6.svg,https://twemoji.maxcdn.com/v/latest/svg/1f3b6.svg,
ğŸ¸,music,1f3b8.svg,emoji_images/1f3b8.svg,https://twemoji.maxcdn.com/v/latest/svg/1f3b8.svg,
ğŸ»,music,1f3bb.svg,emoji_images/1f3bb.svg,https://twemoji.maxcdn.com/v/latest/svg/1f3bb.svg,
ğŸ¼,music,1f3bc.svg,emoji_images/1f3bc.svg,https://twemoji.maxcdn.com/v/latest/svg/1f3bc.svg,
ğŸ,flag,1f3c1.svg,emoji_images/1f3c1.svg,https://twemoji.maxcdn.com/v/latest/svg/1f3c1.svg,
ğŸƒ,misc,1f3c3.svg,emoji_images/1f3c3.svg,https://twemoji.maxcdn.com/v/latest/svg/1f3c3.svg,
ğŸ•,misc,1f3d5.svg,emoji_images/1f3d5.svg,https://twemoji.maxcdn.com/v/latest/svg/1f3d5.svg,
ğŸ–,misc,1f3d6.svg,emoji_images/1f3d6.svg,https://twemoji.maxcdn.com/v/latest/svg/1f3d6.svg,
ğŸ˜,misc,1f3d8.svg,emoji_images/1f3d8.svg,https://twemoji.maxcdn.com/v/latest/svg/1f3d8.svg,
ğŸ›,misc,1f3db.svg,emoji_images/1f3db.svg,https://twemoji.maxcdn.com/v/latest/svg/1f3db.svg,
ğŸœ,misc,1f3dc.svg,emoji_images/1f3dc.svg,https://twemoji.maxcdn.com/v/latest/svg/1f3dc.svg,
ğŸ,misc,1f3dd.svg,emoji_images/1f3dd.svg,https://twemoji.maxcdn.com/v/latest/svg/1f3dd.svg,
ğŸ ,misc,1f3e0.svg,emoji_images/1f3e0.svg,https://twemoji.maxcdn.com/v/latest/svg/1f3e0.svg,
ğŸ¡,misc,1f3e1.svg,emoji_images/1f3e1.svg,https://twemoji.maxcdn.com/v/latest/svg/1f3e1.svg,
ğŸª,misc,1f3ea.svg,emoji_images/1f3ea.svg,https://twemoji.maxcdn.com/v/latest/svg/1f3ea.svg,
ğŸ«,misc,1f3eb.svg,emoji_images/1f3eb.svg,https://twemoji.maxcdn.com/v/latest/svg/1f3eb.svg,
ğŸ®,misc,1f3ee.svg,emoji_images/1f3ee.svg,https://twemoji.maxcdn.com/v/latest/svg/1f3ee.svg,
ğŸ¯,misc,1f3ef.svg,emoji_images/1f3ef.svg,https://twemoji.maxcdn.com/v/latest/svg/1f3ef.svg,
ğŸ°,misc,1f3f0.svg,emoji_images/1f3f0.svg,https://twemoji.maxcdn.com/v/latest/svg/1f3f0.svg,
ğŸ³ï¸\u200dâš§ï¸,,,emoji_images/1f3f0.svg,https://twemoji.maxcdn.com/v/latest/svg/,
ğŸ´\u200dâ˜ ï¸,,,emoji_images/1f3f0.svg,https://twemoji.maxcdn.com/v/latest/svg/,
ğŸ·,misc,1f3f7.svg,emoji_images/1f3f7.svg,https://twemoji.maxcdn.com/v/latest/svg/1f3f7.svg,
ğŸº,misc,1f3fa.svg,emoji_images/1f3fa.svg,https://twemoji.maxcdn.com/v/latest/svg/1f3fa.svg,
ğŸ,animal,1f401.svg,emoji_images/1f401.svg,https://twemoji.maxcdn.com/v/latest/svg/1f401.svg,
ğŸ‡,animal,1f407.svg,emoji_images/1f407.svg,https://twemoji.maxcdn.com/v/latest/svg/1f407.svg,
ğŸˆ,animal,1f408.svg,emoji_images/1f408.svg,https://twemoji.maxcdn.com/v/latest/svg/1f408.svg,
ğŸˆ\u200dâ¬›,animal,,emoji_images/1f408.svg,https://twemoji.maxcdn.com/v/latest/svg/,
ğŸ,animal,1f40f.svg,emoji_images/1f40f.svg,https://twemoji.maxcdn.com/v/latest/svg/1f40f.svg,
ğŸ,animal,1f410.svg,emoji_images/1f410.svg,https://twemoji.maxcdn.com/v/latest/svg/1f410.svg,
ğŸ‘,animal,1f411.svg,emoji_images/1f411.svg,https://twemoji.maxcdn.com/v/latest/svg/1f411.svg,
ğŸ•,animal,1f415.svg,emoji_images/1f415.svg,https://twemoji.maxcdn.com/v/latest/svg/1f415.svg,
ğŸ˜,animal,1f418.svg,emoji_images/1f418.svg,https://twemoji.maxcdn.com/v/latest/svg/1f418.svg,
ğŸ™,animal,1f419.svg,emoji_images/1f419.svg,https://twemoji.maxcdn.com/v/latest/svg/1f419.svg,
ğŸš,misc,1f41a.svg,emoji_images/1f41a.svg,https://twemoji.maxcdn.com/v/latest/svg/1f41a.svg,
ğŸ›,bug,1f41b.svg,emoji_images/1f41b.svg,https://twemoji.maxcdn.com/v/latest/svg/1f41b.svg,
ğŸ,bug,1f41d.svg,emoji_images/1f41d.svg,https://twemoji.maxcdn.com/v/latest/svg/1f41d.svg,
ğŸ,bug,1f41e.svg,emoji_images/1f41e.svg,https://twemoji.maxcdn.com/v/latest/svg/1f41e.svg,
ğŸŸ,animal,1f41f.svg,emoji_images/1f41f.svg,https://twemoji.maxcdn.com/v/latest/svg/1f41f.svg,
ğŸ ,animal,1f420.svg,emoji_images/1f420.svg,https://twemoji.maxcdn.com/v/latest/svg/1f420.svg,
ğŸ¡,animal,1f421.svg,emoji_images/1f421.svg,https://twemoji.maxcdn.com/v/latest/svg/1f421.svg,
ğŸ¢,animal,1f422.svg,emoji_images/1f422.svg,https://twemoji.maxcdn.com/v/latest/svg/1f422.svg,
ğŸ£,animal,1f423.svg,emoji_images/1f423.svg,https://twemoji.maxcdn.com/v/latest/svg/1f423.svg,
ğŸ¦,animal,1f426.svg,emoji_images/1f426.svg,https://twemoji.maxcdn.com/v/latest/svg/1f426.svg,
ğŸ§,animal,1f427.svg,emoji_images/1f427.svg,https://twemoji.maxcdn.com/v/latest/svg/1f427.svg,
ğŸ¨,animal,1f428.svg,emoji_images/1f428.svg,https://twemoji.maxcdn.com/v/latest/svg/1f428.svg,
ğŸ©,animal,1f429.svg,emoji_images/1f429.svg,https://twemoji.maxcdn.com/v/latest/svg/1f429.svg,
ğŸ¬,animal,1f42c.svg,emoji_images/1f42c.svg,https://twemoji.maxcdn.com/v/latest/svg/1f42c.svg,
ğŸ­,animal,1f42d.svg,emoji_images/1f42d.svg,https://twemoji.maxcdn.com/v/latest/svg/1f42d.svg,
ğŸ®,animal,1f42e.svg,emoji_images/1f42e.svg,https://twemoji.maxcdn.com/v/latest/svg/1f42e.svg,
ğŸ¯,animal,1f42f.svg,emoji_images/1f42f.svg,https://twemoji.maxcdn.com/v/latest/svg/1f42f.svg,
ğŸ°,animal,1f430.svg,emoji_images/1f430.svg,https://twemoji.maxcdn.com/v/latest/svg/1f430.svg,
ğŸ±,animal,1f431.svg,emoji_images/1f431.svg,https://twemoji.maxcdn.com/v/latest/svg/1f431.svg,
ğŸ´,animal,1f434.svg,emoji_images/1f434.svg,https://twemoji.maxcdn.com/v/latest/svg/1f434.svg,
ğŸµ,animal,1f435.svg,emoji_images/1f435.svg,https://twemoji.maxcdn.com/v/latest/svg/1f435.svg,
ğŸ¶,animal,1f436.svg,emoji_images/1f436.svg,https://twemoji.maxcdn.com/v/latest/svg/1f436.svg,
ğŸ·,animal,1f437.svg,emoji_images/1f437.svg,https://twemoji.maxcdn.com/v/latest/svg/1f437.svg,
ğŸ¸,animal,1f438.svg,emoji_images/1f438.svg,https://twemoji.maxcdn.com/v/latest/svg/1f438.svg,
ğŸ¹,animal,1f439.svg,emoji_images/1f439.svg,https://twemoji.maxcdn.com/v/latest/svg/1f439.svg,
ğŸº,animal,1f43a.svg,emoji_images/1f43a.svg,https://twemoji.maxcdn.com/v/latest/svg/1f43a.svg,
ğŸ»,animal,1f43b.svg,emoji_images/1f43b.svg,https://twemoji.maxcdn.com/v/latest/svg/1f43b.svg,
ğŸ¼,animal,1f43c.svg,emoji_images/1f43c.svg,https://twemoji.maxcdn.com/v/latest/svg/1f43c.svg,
ğŸ¾,animal,1f43e.svg,emoji_images/1f43e.svg,https://twemoji.maxcdn.com/v/latest/svg/1f43e.svg,
ğŸ¿,animal,1f43f.svg,emoji_images/1f43f.svg,https://twemoji.maxcdn.com/v/latest/svg/1f43f.svg,
ğŸ‘€,sentiment,1f440.svg,emoji_images/1f440.svg,https://twemoji.maxcdn.com/v/latest/svg/1f440.svg,
ğŸ‘,sentiment,1f441.svg,emoji_images/1f441.svg,https://twemoji.maxcdn.com/v/latest/svg/1f441.svg,
ğŸ‘„,sentiment,1f444.svg,emoji_images/1f444.svg,https://twemoji.maxcdn.com/v/latest/svg/1f444.svg,
ğŸ‘†,hand,1f446.svg,emoji_images/1f446.svg,https://twemoji.maxcdn.com/v/latest/svg/1f446.svg,
ğŸ‘‡,hand,1f447.svg,emoji_images/1f447.svg,https://twemoji.maxcdn.com/v/latest/svg/1f447.svg,
ğŸ‘‡ğŸ»,hand,1f447-1f3fb.svg,emoji_images/1f447-1f3fb.svg,https://twemoji.maxcdn.com/v/latest/svg/1f447-1f3fb.svg,
ğŸ‘‡ğŸ¼,hand,1f447-1f3fc.svg,emoji_images/1f447-1f3fc.svg,https://twemoji.maxcdn.com/v/latest/svg/1f447-1f3fc.svg,
ğŸ‘‡ğŸ¾,hand,1f447-1f3fe.svg,emoji_images/1f447-1f3fe.svg,https://twemoji.maxcdn.com/v/latest/svg/1f447-1f3fe.svg,
ğŸ‘ˆ,hand,1f448.svg,emoji_images/1f448.svg,https://twemoji.maxcdn.com/v/latest/svg/1f448.svg,
ğŸ‘ˆğŸ»,hand,1f448-1f3fb.svg,emoji_images/1f448-1f3fb.svg,https://twemoji.maxcdn.com/v/latest/svg/1f448-1f3fb.svg,
ğŸ‘ˆğŸ¼,hand,1f448-1f3fc.svg,emoji_images/1f448-1f3fc.svg,https://twemoji.maxcdn.com/v/latest/svg/1f448-1f3fc.svg,
ğŸ‘ˆğŸ½,hand,1f448-1f3fd.svg,emoji_images/1f448-1f3fd.svg,https://twemoji.maxcdn.com/v/latest/svg/1f448-1f3fd.svg,
ğŸ‘ˆğŸ¾,hand,1f448-1f3fe.svg,emoji_images/1f448-1f3fe.svg,https://twemoji.maxcdn.com/v/latest/svg/1f448-1f3fe.svg,
ğŸ‘‰,hand,1f449.svg,emoji_images/1f449.svg,https://twemoji.maxcdn.com/v/latest/svg/1f449.svg,
ğŸ‘‰ğŸ»,hand,1f449-1f3fb.svg,emoji_images/1f449-1f3fb.svg,https://twemoji.maxcdn.com/v/latest/svg/1f449-1f3fb.svg,
ğŸ‘‰ğŸ¼,hand,1f449-1f3fc.svg,emoji_images/1f449-1f3fc.svg,https://twemoji.maxcdn.com/v/latest/svg/1f449-1f3fc.svg,
ğŸ‘‰ğŸ½,hand,1f449-1f3fd.svg,emoji_images/1f449-1f3fd.svg,https://twemoji.maxcdn.com/v/latest/svg/1f449-1f3fd.svg,
ğŸ‘‰ğŸ¾,hand,1f449-1f3fe.svg,emoji_images/1f449-1f3fe.svg,https://twemoji.maxcdn.com/v/latest/svg/1f449-1f3fe.svg,
ğŸ‘Š,hand,1f44a.svg,emoji_images/1f44a.svg,https://twemoji.maxcdn.com/v/latest/svg/1f44a.svg,
ğŸ‘‹,hand,1f44b.svg,emoji_images/1f44b.svg,https://twemoji.maxcdn.com/v/latest/svg/1f44b.svg,
ğŸ‘‹ğŸ»,hand,1f44b-1f3fb.svg,emoji_images/1f44b-1f3fb.svg,https://twemoji.maxcdn.com/v/latest/svg/1f44b-1f3fb.svg,
ğŸ‘‹ğŸ¼,hand,1f44b-1f3fc.svg,emoji_images/1f44b-1f3fc.svg,https://twemoji.maxcdn.com/v/latest/svg/1f44b-1f3fc.svg,
ğŸ‘Œ,hand,1f44c.svg,emoji_images/1f44c.svg,https://twemoji.maxcdn.com/v/latest/svg/1f44c.svg,
ğŸ‘ŒğŸ»,hand,1f44c-1f3fb.svg,emoji_images/1f44c-1f3fb.svg,https://twemoji.maxcdn.com/v/latest/svg/1f44c-1f3fb.svg,
ğŸ‘ŒğŸ¼,hand,1f44c-1f3fc.svg,emoji_images/1f44c-1f3fc.svg,https://twemoji.maxcdn.com/v/latest/svg/1f44c-1f3fc.svg,
ğŸ‘,hand,1f44d.svg,emoji_images/1f44d.svg,https://twemoji.maxcdn.com/v/latest/svg/1f44d.svg,
ğŸ‘ğŸ¼,hand,1f44d-1f3fc.svg,emoji_images/1f44d-1f3fc.svg,https://twemoji.maxcdn.com/v/latest/svg/1f44d-1f3fc.svg,
ğŸ‘,hand,1f44f.svg,emoji_images/1f44f.svg,https://twemoji.maxcdn.com/v/latest/svg/1f44f.svg,
ğŸ‘ğŸ¼,hand,1f44f-1f3fc.svg,emoji_images/1f44f-1f3fc.svg,https://twemoji.maxcdn.com/v/latest/svg/1f44f-1f3fc.svg,
ğŸ‘ğŸ¾,hand,1f44f-1f3fe.svg,emoji_images/1f44f-1f3fe.svg,https://twemoji.maxcdn.com/v/latest/svg/1f44f-1f3fe.svg,
ğŸ‘‘,misc,1f451.svg,emoji_images/1f451.svg,https://twemoji.maxcdn.com/v/latest/svg/1f451.svg,
ğŸ‘’,misc,1f452.svg,emoji_images/1f452.svg,https://twemoji.maxcdn.com/v/latest/svg/1f452.svg,
ğŸ‘“,misc,1f453.svg,emoji_images/1f453.svg,https://twemoji.maxcdn.com/v/latest/svg/1f453.svg,
ğŸ‘•,misc,1f455.svg,emoji_images/1f455.svg,https://twemoji.maxcdn.com/v/latest/svg/1f455.svg,
ğŸ‘—,misc,1f457.svg,emoji_images/1f457.svg,https://twemoji.maxcdn.com/v/latest/svg/1f457.svg,
ğŸ‘™,misc,1f459.svg,emoji_images/1f459.svg,https://twemoji.maxcdn.com/v/latest/svg/1f459.svg,
ğŸ‘›,misc,1f45b.svg,emoji_images/1f45b.svg,https://twemoji.maxcdn.com/v/latest/svg/1f45b.svg,
ğŸ‘œ,misc,1f45c.svg,emoji_images/1f45c.svg,https://twemoji.maxcdn.com/v/latest/svg/1f45c.svg,
ğŸ‘¢,misc,1f462.svg,emoji_images/1f462.svg,https://twemoji.maxcdn.com/v/latest/svg/1f462.svg,
ğŸ‘¨\u200dğŸŒ¾,misc,1f9d1-1f3fd-200d-1f33e.svg,emoji_images/1f9d1-1f3fd-200d-1f33e.svg,https://twemoji.maxcdn.com/v/latest/svg/1f9d1-1f3fd-200d-1f33e.svg,
ğŸ‘¨\u200dğŸ³,misc,1f9d1-1f3fc-200d-1f373.svg,emoji_images/1f9d1-1f3fc-200d-1f373.svg,https://twemoji.maxcdn.com/v/latest/svg/1f9d1-1f3fc-200d-1f373.svg,
ğŸ‘©\u200dğŸ‘©\u200dğŸ‘¦\u200dğŸ‘¦,misc,1f469-200d-1f469-200d-1f466-200d-1f466.svg,emoji_images/1f469-200d-1f469-200d-1f466-200d-1f466.svg,https://twemoji.maxcdn.com/v/latest/svg/1f469-200d-1f469-200d-1f466-200d-1f466.svg,
ğŸ‘©\u200dğŸ‘©\u200dğŸ‘§\u200dğŸ‘¦,misc,1f469-200d-1f469-200d-1f467-200d-1f466.svg,emoji_images/1f469-200d-1f469-200d-1f467-200d-1f466.svg,https://twemoji.maxcdn.com/v/latest/svg/1f469-200d-1f469-200d-1f467-200d-1f466.svg,
ğŸ‘©\u200dğŸ‘©\u200dğŸ‘§\u200dğŸ‘§,misc,1f469-200d-1f469-200d-1f467-200d-1f467.svg,emoji_images/1f469-200d-1f469-200d-1f467-200d-1f467.svg,https://twemoji.maxcdn.com/v/latest/svg/1f469-200d-1f469-200d-1f467-200d-1f467.svg,
ğŸ‘©ğŸ»\u200dâš•ï¸,misc,1f469-1f3fb-200d-2695-fe0f.svg,emoji_images/1f469-1f3fb-200d-2695-fe0f.svg,https://twemoji.maxcdn.com/v/latest/svg/1f469-1f3fb-200d-2695-fe0f.svg,
ğŸ‘©ğŸ»\u200dğŸŒ¾,misc,1f469-1f3fb-200d-1f33e.svg,emoji_images/1f469-1f3fb-200d-1f33e.svg,https://twemoji.maxcdn.com/v/latest/svg/1f469-1f3fb-200d-1f33e.svg,
ğŸ‘©ğŸ»\u200dğŸ³,misc,1f469-1f3fb-200d-1f373.svg,emoji_images/1f469-1f3fb-200d-1f373.svg,https://twemoji.maxcdn.com/v/latest/svg/1f469-1f3fb-200d-1f373.svg,
ğŸ‘©ğŸ»\u200dğŸ”¬,misc,1f469-1f3fb-200d-1f52c.svg,emoji_images/1f469-1f3fb-200d-1f52c.svg,https://twemoji.maxcdn.com/v/latest/svg/1f469-1f3fb-200d-1f52c.svg,
ğŸ‘©ğŸ½,misc,1f469-1f3fd.svg,emoji_images/1f469-1f3fd.svg,https://twemoji.maxcdn.com/v/latest/svg/1f469-1f3fd.svg,
ğŸ‘°ğŸ¼,misc,1f470-1f3fc.svg,emoji_images/1f470-1f3fc.svg,https://twemoji.maxcdn.com/v/latest/svg/1f470-1f3fc.svg,
ğŸ‘°ğŸ½\u200dâ™€ï¸,misc,,emoji_images/1f475-1f3fc.svg,https://twemoji.maxcdn.com/v/latest/svg/,
ğŸ‘µğŸ¼,misc,1f475-1f3fc.svg,emoji_images/1f475-1f3fc.svg,https://twemoji.maxcdn.com/v/latest/svg/1f475-1f3fc.svg,
ğŸ‘¶ğŸ»,misc,1f476-1f3fb.svg,emoji_images/1f476-1f3fb.svg,https://twemoji.maxcdn.com/v/latest/svg/1f476-1f3fb.svg,
ğŸ‘¹,misc,1f479.svg,emoji_images/1f479.svg,https://twemoji.maxcdn.com/v/latest/svg/1f479.svg,
ğŸ‘º,misc,1f47a.svg,emoji_images/1f47a.svg,https://twemoji.maxcdn.com/v/latest/svg/1f47a.svg,
ğŸ‘»,seasonal,1f47b.svg,emoji_images/1f47b.svg,https://twemoji.maxcdn.com/v/latest/svg/1f47b.svg,
ğŸ‘¼ğŸ¼,misc,1f47c-1f3fc.svg,emoji_images/1f47c-1f3fc.svg,https://twemoji.maxcdn.com/v/latest/svg/1f47c-1f3fc.svg,
ğŸ‘½,misc,1f47d.svg,emoji_images/1f47d.svg,https://twemoji.maxcdn.com/v/latest/svg/1f47d.svg,
ğŸ‘¾,misc,1f47e.svg,emoji_images/1f47e.svg,https://twemoji.maxcdn.com/v/latest/svg/1f47e.svg,
ğŸ‘¿,sentiment,1f47f.svg,emoji_images/1f47f.svg,https://twemoji.maxcdn.com/v/latest/svg/1f47f.svg,
ğŸ’€,seasonal,1f480.svg,emoji_images/1f480.svg,https://twemoji.maxcdn.com/v/latest/svg/1f480.svg,
ğŸ’,misc,1f481.svg,emoji_images/1f481.svg,https://twemoji.maxcdn.com/v/latest/svg/1f481.svg,
ğŸ’\u200dâ™€ï¸,misc,,emoji_images/1f481.svg,https://twemoji.maxcdn.com/v/latest/svg/,
ğŸ’…,hand,1f485.svg,emoji_images/1f485.svg,https://twemoji.maxcdn.com/v/latest/svg/1f485.svg,
ğŸ’…ğŸ»,hand,1f485-1f3fb.svg,emoji_images/1f485-1f3fb.svg,https://twemoji.maxcdn.com/v/latest/svg/1f485-1f3fb.svg,
ğŸ’‡ğŸ»\u200dâ™‚ï¸,misc,,emoji_images/1f485-1f3fb.svg,https://twemoji.maxcdn.com/v/latest/svg/,
ğŸ’‡ğŸ¼\u200dâ™€ï¸,misc,,emoji_images/1f485-1f3fb.svg,https://twemoji.maxcdn.com/v/latest/svg/,
ğŸ’ˆ,misc,1f488.svg,emoji_images/1f488.svg,https://twemoji.maxcdn.com/v/latest/svg/1f488.svg,
ğŸ’‹,misc,1f48b.svg,emoji_images/1f48b.svg,https://twemoji.maxcdn.com/v/latest/svg/1f48b.svg,
ğŸ’Œ,heart,1f48c.svg,emoji_images/1f48c.svg,https://twemoji.maxcdn.com/v/latest/svg/1f48c.svg,
ğŸ’,misc,1f48d.svg,emoji_images/1f48d.svg,https://twemoji.maxcdn.com/v/latest/svg/1f48d.svg,
ğŸ’,misc,1f48e.svg,emoji_images/1f48e.svg,https://twemoji.maxcdn.com/v/latest/svg/1f48e.svg,
ğŸ’,flower,1f490.svg,emoji_images/1f490.svg,https://twemoji.maxcdn.com/v/latest/svg/1f490.svg,
ğŸ’“,heart,1f493.svg,emoji_images/1f493.svg,https://twemoji.maxcdn.com/v/latest/svg/1f493.svg,
ğŸ’”,heart,1f494.svg,emoji_images/1f494.svg,https://twemoji.maxcdn.com/v/latest/svg/1f494.svg,
ğŸ’•,heart,1f495.svg,emoji_images/1f495.svg,https://twemoji.maxcdn.com/v/latest/svg/1f495.svg,
ğŸ’–,heart,1f496.svg,emoji_images/1f496.svg,https://twemoji.maxcdn.com/v/latest/svg/1f496.svg,
ğŸ’—,heart,1f497.svg,emoji_images/1f497.svg,https://twemoji.maxcdn.com/v/latest/svg/1f497.svg,
ğŸ’˜,heart,1f498.svg,emoji_images/1f498.svg,https://twemoji.maxcdn.com/v/latest/svg/1f498.svg,
ğŸ’™,heart,1f499.svg,emoji_images/1f499.svg,https://twemoji.maxcdn.com/v/latest/svg/1f499.svg,
ğŸ’š,heart,1f49a.svg,emoji_images/1f49a.svg,https://twemoji.maxcdn.com/v/latest/svg/1f49a.svg,
ğŸ’›,heart,1f49b.svg,emoji_images/1f49b.svg,https://twemoji.maxcdn.com/v/latest/svg/1f49b.svg,
ğŸ’œ,heart,1f49c.svg,emoji_images/1f49c.svg,https://twemoji.maxcdn.com/v/latest/svg/1f49c.svg,
ğŸ’,heart,1f49e.svg,emoji_images/1f49e.svg,https://twemoji.maxcdn.com/v/latest/svg/1f49e.svg,
ğŸ’Ÿ,heart,1f49f.svg,emoji_images/1f49f.svg,https://twemoji.maxcdn.com/v/latest/svg/1f49f.svg,
ğŸ’¡,misc,1f4a1.svg,emoji_images/1f4a1.svg,https://twemoji.maxcdn.com/v/latest/svg/1f4a1.svg,
ğŸ’¤,misc,1f4a4.svg,emoji_images/1f4a4.svg,https://twemoji.maxcdn.com/v/latest/svg/1f4a4.svg,
ğŸ’¥,misc,1f4a5.svg,emoji_images/1f4a5.svg,https://twemoji.maxcdn.com/v/latest/svg/1f4a5.svg,
ğŸ’¦,misc,1f4a6.svg,emoji_images/1f4a6.svg,https://twemoji.maxcdn.com/v/latest/svg/1f4a6.svg,
ğŸ’¨,weather,1f4a8.svg,emoji_images/1f4a8.svg,https://twemoji.maxcdn.com/v/latest/svg/1f4a8.svg,
ğŸ’©,misc,1f4a9.svg,emoji_images/1f4a9.svg,https://twemoji.maxcdn.com/v/latest/svg/1f4a9.svg,
ğŸ’ª,hand,1f4aa.svg,emoji_images/1f4aa.svg,https://twemoji.maxcdn.com/v/latest/svg/1f4aa.svg,
ğŸ’ªğŸ»,hand,1f4aa-1f3fb.svg,emoji_images/1f4aa-1f3fb.svg,https://twemoji.maxcdn.com/v/latest/svg/1f4aa-1f3fb.svg,
ğŸ’ªğŸ¼,hand,1f4aa-1f3fc.svg,emoji_images/1f4aa-1f3fc.svg,https://twemoji.maxcdn.com/v/latest/svg/1f4aa-1f3fc.svg,
ğŸ’ªğŸ½,hand,1f4aa-1f3fd.svg,emoji_images/1f4aa-1f3fd.svg,https://twemoji.maxcdn.com/v/latest/svg/1f4aa-1f3fd.svg,
ğŸ’«,stars,1f4ab.svg,emoji_images/1f4ab.svg,https://twemoji.maxcdn.com/v/latest/svg/1f4ab.svg,
ğŸ’¬,misc,1f4ac.svg,emoji_images/1f4ac.svg,https://twemoji.maxcdn.com/v/latest/svg/1f4ac.svg,
ğŸ’­,misc,1f4ad.svg,emoji_images/1f4ad.svg,https://twemoji.maxcdn.com/v/latest/svg/1f4ad.svg,
ğŸ’¯,misc,1f4af.svg,emoji_images/1f4af.svg,https://twemoji.maxcdn.com/v/latest/svg/1f4af.svg,
ğŸ’°,misc,1f4b0.svg,emoji_images/1f4b0.svg,https://twemoji.maxcdn.com/v/latest/svg/1f4b0.svg,
ğŸ’´,misc,1f4b4.svg,emoji_images/1f4b4.svg,https://twemoji.maxcdn.com/v/latest/svg/1f4b4.svg,
ğŸ’¸,misc,1f4b8.svg,emoji_images/1f4b8.svg,https://twemoji.maxcdn.com/v/latest/svg/1f4b8.svg,
ğŸ’¼,misc,1f4bc.svg,emoji_images/1f4bc.svg,https://twemoji.maxcdn.com/v/latest/svg/1f4bc.svg,
ğŸ“…,misc,1f4c5.svg,emoji_images/1f4c5.svg,https://twemoji.maxcdn.com/v/latest/svg/1f4c5.svg,
ğŸ“ˆ,misc,1f4c8.svg,emoji_images/1f4c8.svg,https://twemoji.maxcdn.com/v/latest/svg/1f4c8.svg,
ğŸ“,misc,1f4cd.svg,emoji_images/1f4cd.svg,https://twemoji.maxcdn.com/v/latest/svg/1f4cd.svg,
ğŸ“,misc,1f4ce.svg,emoji_images/1f4ce.svg,https://twemoji.maxcdn.com/v/latest/svg/1f4ce.svg,
ğŸ“–,misc,1f4d6.svg,emoji_images/1f4d6.svg,https://twemoji.maxcdn.com/v/latest/svg/1f4d6.svg,
ğŸ“š,misc,1f4da.svg,emoji_images/1f4da.svg,https://twemoji.maxcdn.com/v/latest/svg/1f4da.svg,
ğŸ“,misc,1f4dd.svg,emoji_images/1f4dd.svg,https://twemoji.maxcdn.com/v/latest/svg/1f4dd.svg,
ğŸ“¢,misc,1f4e2.svg,emoji_images/1f4e2.svg,https://twemoji.maxcdn.com/v/latest/svg/1f4e2.svg,
ğŸ“£,misc,1f4e3.svg,emoji_images/1f4e3.svg,https://twemoji.maxcdn.com/v/latest/svg/1f4e3.svg,
ğŸ“¦,misc,1f4e6.svg,emoji_images/1f4e6.svg,https://twemoji.maxcdn.com/v/latest/svg/1f4e6.svg,
ğŸ“®,misc,1f4ee.svg,emoji_images/1f4ee.svg,https://twemoji.maxcdn.com/v/latest/svg/1f4ee.svg,
ğŸ“¯,misc,1f4ef.svg,emoji_images/1f4ef.svg,https://twemoji.maxcdn.com/v/latest/svg/1f4ef.svg,
ğŸ“±,misc,1f4f1.svg,emoji_images/1f4f1.svg,https://twemoji.maxcdn.com/v/latest/svg/1f4f1.svg,
ğŸ“·,misc,1f4f7.svg,emoji_images/1f4f7.svg,https://twemoji.maxcdn.com/v/latest/svg/1f4f7.svg,
ğŸ“¸,misc,1f4f8.svg,emoji_images/1f4f8.svg,https://twemoji.maxcdn.com/v/latest/svg/1f4f8.svg,
ğŸ“º,misc,1f4fa.svg,emoji_images/1f4fa.svg,https://twemoji.maxcdn.com/v/latest/svg/1f4fa.svg,
ğŸ”,misc,1f501.svg,emoji_images/1f501.svg,https://twemoji.maxcdn.com/v/latest/svg/1f501.svg,
ğŸ”ƒ,misc,1f503.svg,emoji_images/1f503.svg,https://twemoji.maxcdn.com/v/latest/svg/1f503.svg,
ğŸ”ˆ,misc,1f508.svg,emoji_images/1f508.svg,https://twemoji.maxcdn.com/v/latest/svg/1f508.svg,
ğŸ”Š,misc,1f50a.svg,emoji_images/1f50a.svg,https://twemoji.maxcdn.com/v/latest/svg/1f50a.svg,
ğŸ”‘,misc,1f511.svg,emoji_images/1f511.svg,https://twemoji.maxcdn.com/v/latest/svg/1f511.svg,
ğŸ””,misc,1f514.svg,emoji_images/1f514.svg,https://twemoji.maxcdn.com/v/latest/svg/1f514.svg,
ğŸ”—,misc,1f517.svg,emoji_images/1f517.svg,https://twemoji.maxcdn.com/v/latest/svg/1f517.svg,
ğŸ”œ,misc,1f51c.svg,emoji_images/1f51c.svg,https://twemoji.maxcdn.com/v/latest/svg/1f51c.svg,
ğŸ”¥,misc,1f525.svg,emoji_images/1f525.svg,https://twemoji.maxcdn.com/v/latest/svg/1f525.svg,
ğŸ”¨,tool,1f528.svg,emoji_images/1f528.svg,https://twemoji.maxcdn.com/v/latest/svg/1f528.svg,
ğŸ”ª,tool,1f52a.svg,emoji_images/1f52a.svg,https://twemoji.maxcdn.com/v/latest/svg/1f52a.svg,
ğŸ”¬,misc,1f52c.svg,emoji_images/1f52c.svg,https://twemoji.maxcdn.com/v/latest/svg/1f52c.svg,
ğŸ”®,misc,1f52e.svg,emoji_images/1f52e.svg,https://twemoji.maxcdn.com/v/latest/svg/1f52e.svg,
ğŸ”±,misc,1f531.svg,emoji_images/1f531.svg,https://twemoji.maxcdn.com/v/latest/svg/1f531.svg,
ğŸ”²,misc,1f532.svg,emoji_images/1f532.svg,https://twemoji.maxcdn.com/v/latest/svg/1f532.svg,
ğŸ”´,misc,1f534.svg,emoji_images/1f534.svg,https://twemoji.maxcdn.com/v/latest/svg/1f534.svg,
ğŸ”µ,misc,1f535.svg,emoji_images/1f535.svg,https://twemoji.maxcdn.com/v/latest/svg/1f535.svg,
ğŸ”¹,misc,1f539.svg,emoji_images/1f539.svg,https://twemoji.maxcdn.com/v/latest/svg/1f539.svg,
ğŸ”¼,misc,1f53c.svg,emoji_images/1f53c.svg,https://twemoji.maxcdn.com/v/latest/svg/1f53c.svg,
ğŸ•Š,animal,1f54a.svg,emoji_images/1f54a.svg,https://twemoji.maxcdn.com/v/latest/svg/1f54a.svg,
ğŸ•¯,misc,1f56f.svg,emoji_images/1f56f.svg,https://twemoji.maxcdn.com/v/latest/svg/1f56f.svg,
ğŸ•°,misc,1f570.svg,emoji_images/1f570.svg,https://twemoji.maxcdn.com/v/latest/svg/1f570.svg,
ğŸ•³,misc,1f573.svg,emoji_images/1f573.svg,https://twemoji.maxcdn.com/v/latest/svg/1f573.svg,
ğŸ•¶,misc,1f576.svg,emoji_images/1f576.svg,https://twemoji.maxcdn.com/v/latest/svg/1f576.svg,
ğŸ•·,bug,1f577.svg,emoji_images/1f577.svg,https://twemoji.maxcdn.com/v/latest/svg/1f577.svg,
ğŸ•¸,bug,1f578.svg,emoji_images/1f578.svg,https://twemoji.maxcdn.com/v/latest/svg/1f578.svg,
ğŸ•¹,tool,1f579.svg,emoji_images/1f579.svg,https://twemoji.maxcdn.com/v/latest/svg/1f579.svg,
ğŸ–‹,tool,1f58b.svg,emoji_images/1f58b.svg,https://twemoji.maxcdn.com/v/latest/svg/1f58b.svg,
ğŸ–ï¸,tool,1f58d.svg,emoji_images/1f58d.svg,https://twemoji.maxcdn.com/v/latest/svg/1f58d.svg,
ğŸ–¤,heart,1f5a4.svg,emoji_images/1f5a4.svg,https://twemoji.maxcdn.com/v/latest/svg/1f5a4.svg,
ğŸ–¼,misc,1f5bc.svg,emoji_images/1f5bc.svg,https://twemoji.maxcdn.com/v/latest/svg/1f5bc.svg,
ğŸ—¡,tool,1f5e1.svg,emoji_images/1f5e1.svg,https://twemoji.maxcdn.com/v/latest/svg/1f5e1.svg,
ğŸ—£ï¸,misc,1f5e3.svg,emoji_images/1f5e3.svg,https://twemoji.maxcdn.com/v/latest/svg/1f5e3.svg,
ğŸ—º,misc,1f5fa.svg,emoji_images/1f5fa.svg,https://twemoji.maxcdn.com/v/latest/svg/1f5fa.svg,
ğŸ—¿,misc,1f5ff.svg,emoji_images/1f5ff.svg,https://twemoji.maxcdn.com/v/latest/svg/1f5ff.svg,
ğŸ˜€,sentiment,1f600.svg,emoji_images/1f600.svg,https://twemoji.maxcdn.com/v/latest/svg/1f600.svg,
ğŸ˜,sentiment,1f601.svg,emoji_images/1f601.svg,https://twemoji.maxcdn.com/v/latest/svg/1f601.svg,
ğŸ˜‚,sentiment,1f602.svg,emoji_images/1f602.svg,https://twemoji.maxcdn.com/v/latest/svg/1f602.svg,
ğŸ˜ƒ,sentiment,1f603.svg,emoji_images/1f603.svg,https://twemoji.maxcdn.com/v/latest/svg/1f603.svg,
ğŸ˜„,sentiment,1f604.svg,emoji_images/1f604.svg,https://twemoji.maxcdn.com/v/latest/svg/1f604.svg,
ğŸ˜…,sentiment,1f605.svg,emoji_images/1f605.svg,https://twemoji.maxcdn.com/v/latest/svg/1f605.svg,
ğŸ˜†,sentiment,1f606.svg,emoji_images/1f606.svg,https://twemoji.maxcdn.com/v/latest/svg/1f606.svg,
ğŸ˜‡,sentiment,1f607.svg,emoji_images/1f607.svg,https://twemoji.maxcdn.com/v/latest/svg/1f607.svg,
ğŸ˜ˆ,sentiment,1f608.svg,emoji_images/1f608.svg,https://twemoji.maxcdn.com/v/latest/svg/1f608.svg,
ğŸ˜‰,sentiment,1f609.svg,emoji_images/1f609.svg,https://twemoji.maxcdn.com/v/latest/svg/1f609.svg,
ğŸ˜Š,sentiment,1f60a.svg,emoji_images/1f60a.svg,https://twemoji.maxcdn.com/v/latest/svg/1f60a.svg,
ğŸ˜‹,sentiment,1f60b.svg,emoji_images/1f60b.svg,https://twemoji.maxcdn.com/v/latest/svg/1f60b.svg,
ğŸ˜Œ,sentiment,1f60c.svg,emoji_images/1f60c.svg,https://twemoji.maxcdn.com/v/latest/svg/1f60c.svg,
ğŸ˜,sentiment,1f60d.svg,emoji_images/1f60d.svg,https://twemoji.maxcdn.com/v/latest/svg/1f60d.svg,
ğŸ˜,sentiment,1f60e.svg,emoji_images/1f60e.svg,https://twemoji.maxcdn.com/v/latest/svg/1f60e.svg,
ğŸ˜,sentiment,1f60f.svg,emoji_images/1f60f.svg,https://twemoji.maxcdn.com/v/latest/svg/1f60f.svg,
ğŸ˜,sentiment,1f610.svg,emoji_images/1f610.svg,https://twemoji.maxcdn.com/v/latest/svg/1f610.svg,
ğŸ˜‘,sentiment,1f611.svg,emoji_images/1f611.svg,https://twemoji.maxcdn.com/v/latest/svg/1f611.svg,
ğŸ˜’,sentiment,1f612.svg,emoji_images/1f612.svg,https://twemoji.maxcdn.com/v/latest/svg/1f612.svg,
ğŸ˜”,sentiment,1f614.svg,emoji_images/1f614.svg,https://twemoji.maxcdn.com/v/latest/svg/1f614.svg,
ğŸ˜•,sentiment,1f615.svg,emoji_images/1f615.svg,https://twemoji.maxcdn.com/v/latest/svg/1f615.svg,
ğŸ˜–,sentiment,1f616.svg,emoji_images/1f616.svg,https://twemoji.maxcdn.com/v/latest/svg/1f616.svg,
ğŸ˜—,sentiment,1f617.svg,emoji_images/1f617.svg,https://twemoji.maxcdn.com/v/latest/svg/1f617.svg,
ğŸ˜˜,sentiment,1f618.svg,emoji_images/1f618.svg,https://twemoji.maxcdn.com/v/latest/svg/1f618.svg,
ğŸ˜™,sentiment,1f619.svg,emoji_images/1f619.svg,https://twemoji.maxcdn.com/v/latest/svg/1f619.svg,
ğŸ˜š,sentiment,1f61a.svg,emoji_images/1f61a.svg,https://twemoji.maxcdn.com/v/latest/svg/1f61a.svg,
ğŸ˜›,sentiment,1f61b.svg,emoji_images/1f61b.svg,https://twemoji.maxcdn.com/v/latest/svg/1f61b.svg,
ğŸ˜œ,sentiment,1f61c.svg,emoji_images/1f61c.svg,https://twemoji.maxcdn.com/v/latest/svg/1f61c.svg,
ğŸ˜,sentiment,1f61d.svg,emoji_images/1f61d.svg,https://twemoji.maxcdn.com/v/latest/svg/1f61d.svg,
ğŸ˜,sentiment,1f61e.svg,emoji_images/1f61e.svg,https://twemoji.maxcdn.com/v/latest/svg/1f61e.svg,
ğŸ˜Ÿ,sentiment,1f61f.svg,emoji_images/1f61f.svg,https://twemoji.maxcdn.com/v/latest/svg/1f61f.svg,
ğŸ˜ ,sentiment,1f620.svg,emoji_images/1f620.svg,https://twemoji.maxcdn.com/v/latest/svg/1f620.svg,
ğŸ˜¡,sentiment,1f621.svg,emoji_images/1f621.svg,https://twemoji.maxcdn.com/v/latest/svg/1f621.svg,
ğŸ˜¢,sentiment,1f622.svg,emoji_images/1f622.svg,https://twemoji.maxcdn.com/v/latest/svg/1f622.svg,
ğŸ˜£,sentiment,1f623.svg,emoji_images/1f623.svg,https://twemoji.maxcdn.com/v/latest/svg/1f623.svg,
ğŸ˜¤,sentiment,1f624.svg,emoji_images/1f624.svg,https://twemoji.maxcdn.com/v/latest/svg/1f624.svg,
ğŸ˜¥,sentiment,1f625.svg,emoji_images/1f625.svg,https://twemoji.maxcdn.com/v/latest/svg/1f625.svg,
ğŸ˜¦,sentiment,1f626.svg,emoji_images/1f626.svg,https://twemoji.maxcdn.com/v/latest/svg/1f626.svg,
ğŸ˜§,sentiment,1f627.svg,emoji_images/1f627.svg,https://twemoji.maxcdn.com/v/latest/svg/1f627.svg,
ğŸ˜©,sentiment,1f629.svg,emoji_images/1f629.svg,https://twemoji.maxcdn.com/v/latest/svg/1f629.svg,
ğŸ˜ª,sentiment,1f62a.svg,emoji_images/1f62a.svg,https://twemoji.maxcdn.com/v/latest/svg/1f62a.svg,
ğŸ˜«,sentiment,1f62b.svg,emoji_images/1f62b.svg,https://twemoji.maxcdn.com/v/latest/svg/1f62b.svg,
ğŸ˜¬,sentiment,1f62c.svg,emoji_images/1f62c.svg,https://twemoji.maxcdn.com/v/latest/svg/1f62c.svg,
ğŸ˜­,sentiment,1f62d.svg,emoji_images/1f62d.svg,https://twemoji.maxcdn.com/v/latest/svg/1f62d.svg,
ğŸ˜®,sentiment,1f62e.svg,emoji_images/1f62e.svg,https://twemoji.maxcdn.com/v/latest/svg/1f62e.svg,
ğŸ˜®\u200dğŸ’¨,sentiment,1f62e-200d-1f4a8.svg,emoji_images/1f62e-200d-1f4a8.svg,https://twemoji.maxcdn.com/v/latest/svg/1f62e-200d-1f4a8.svg,
ğŸ˜¯,sentiment,1f62f.svg,emoji_images/1f62f.svg,https://twemoji.maxcdn.com/v/latest/svg/1f62f.svg,
ğŸ˜°,sentiment,1f630.svg,emoji_images/1f630.svg,https://twemoji.maxcdn.com/v/latest/svg/1f630.svg,
ğŸ˜±,sentiment,1f631.svg,emoji_images/1f631.svg,https://twemoji.maxcdn.com/v/latest/svg/1f631.svg,
ğŸ˜²,sentiment,1f632.svg,emoji_images/1f632.svg,https://twemoji.maxcdn.com/v/latest/svg/1f632.svg,
ğŸ˜³,sentiment,1f633.svg,emoji_images/1f633.svg,https://twemoji.maxcdn.com/v/latest/svg/1f633.svg,
ğŸ˜´,sentiment,1f634.svg,emoji_images/1f634.svg,https://twemoji.maxcdn.com/v/latest/svg/1f634.svg,
ğŸ˜µ,sentiment,1f635.svg,emoji_images/1f635.svg,https://twemoji.maxcdn.com/v/latest/svg/1f635.svg,
ğŸ˜µ\u200dğŸ’«,sentiment,1f635-200d-1f4ab.svg,emoji_images/1f635-200d-1f4ab.svg,https://twemoji.maxcdn.com/v/latest/svg/1f635-200d-1f4ab.svg,
ğŸ˜¶,sentiment,1f636.svg,emoji_images/1f636.svg,https://twemoji.maxcdn.com/v/latest/svg/1f636.svg,
ğŸ˜¶\u200dğŸŒ«ï¸,sentiment,1f636-200d-1f32b-fe0f.svg,emoji_images/1f636-200d-1f32b-fe0f.svg,https://twemoji.maxcdn.com/v/latest/svg/1f636-200d-1f32b-fe0f.svg,
ğŸ˜¸,sentiment,1f638.svg,emoji_images/1f638.svg,https://twemoji.maxcdn.com/v/latest/svg/1f638.svg,
ğŸ˜º,sentiment,1f63a.svg,emoji_images/1f63a.svg,https://twemoji.maxcdn.com/v/latest/svg/1f63a.svg,
ğŸ˜»,sentiment,1f63b.svg,emoji_images/1f63b.svg,https://twemoji.maxcdn.com/v/latest/svg/1f63b.svg,
ğŸ™€,sentiment,1f640.svg,emoji_images/1f640.svg,https://twemoji.maxcdn.com/v/latest/svg/1f640.svg,
ğŸ™‚,sentiment,1f642.svg,emoji_images/1f642.svg,https://twemoji.maxcdn.com/v/latest/svg/1f642.svg,
ğŸ™ƒ,sentiment,1f643.svg,emoji_images/1f643.svg,https://twemoji.maxcdn.com/v/latest/svg/1f643.svg,
ğŸ™„,sentiment,1f644.svg,emoji_images/1f644.svg,https://twemoji.maxcdn.com/v/latest/svg/1f644.svg,
ğŸ™†ğŸ»\u200dâ™€ï¸,sentiment,1f646-1f3fb-200d-2640-fe0f.svg,emoji_images/1f646-1f3fb-200d-2640-fe0f.svg,https://twemoji.maxcdn.com/v/latest/svg/1f646-1f3fb-200d-2640-fe0f.svg,
ğŸ™‡\u200dâ™‚ï¸,sentiment,1f647-200d-2642-fe0f.svg,emoji_images/1f647-200d-2642-fe0f.svg,https://twemoji.maxcdn.com/v/latest/svg/1f647-200d-2642-fe0f.svg,
ğŸ™ˆ,sentiment,1f648.svg,emoji_images/1f648.svg,https://twemoji.maxcdn.com/v/latest/svg/1f648.svg,
ğŸ™Š,sentiment,1f64a.svg,emoji_images/1f64a.svg,https://twemoji.maxcdn.com/v/latest/svg/1f64a.svg,
ğŸ™‹\u200dâ™€ï¸,sentiment,1f64b-200d-2640-fe0f.svg,emoji_images/1f64b-200d-2640-fe0f.svg,https://twemoji.maxcdn.com/v/latest/svg/1f64b-200d-2640-fe0f.svg,
ğŸ™‹ğŸ»\u200dâ™€ï¸,sentiment,1f64b-1f3fb-200d-2640-fe0f.svg,emoji_images/1f64b-1f3fb-200d-2640-fe0f.svg,https://twemoji.maxcdn.com/v/latest/svg/1f64b-1f3fb-200d-2640-fe0f.svg,
ğŸ™‹ğŸ¼\u200dâ™€ï¸,sentiment,1f64b-1f3fc-200d-2640-fe0f.svg,emoji_images/1f64b-1f3fc-200d-2640-fe0f.svg,https://twemoji.maxcdn.com/v/latest/svg/1f64b-1f3fc-200d-2640-fe0f.svg,
ğŸ™Œ,hand,1f64c.svg,emoji_images/1f64c.svg,https://twemoji.maxcdn.com/v/latest/svg/1f64c.svg,
ğŸ™ŒğŸ»,hand,1f64c-1f3fb.svg,emoji_images/1f64c-1f3fb.svg,https://twemoji.maxcdn.com/v/latest/svg/1f64c-1f3fb.svg,
ğŸ™ŒğŸ¼,hand,1f64c-1f3fc.svg,emoji_images/1f64c-1f3fc.svg,https://twemoji.maxcdn.com/v/latest/svg/1f64c-1f3fc.svg,
ğŸ™ŒğŸ½,hand,1f64c-1f3fd.svg,emoji_images/1f64c-1f3fd.svg,https://twemoji.maxcdn.com/v/latest/svg/1f64c-1f3fd.svg,
ğŸ™,hand,1f64f.svg,emoji_images/1f64f.svg,https://twemoji.maxcdn.com/v/latest/svg/1f64f.svg,
ğŸ™ğŸ¼,hand,1f64f-1f3fc.svg,emoji_images/1f64f-1f3fc.svg,https://twemoji.maxcdn.com/v/latest/svg/1f64f-1f3fc.svg,
ğŸ™ğŸ½,hand,1f64f-1f3fd.svg,emoji_images/1f64f-1f3fd.svg,https://twemoji.maxcdn.com/v/latest/svg/1f64f-1f3fd.svg,
ğŸš€,transportation,1f680.svg,emoji_images/1f680.svg,https://twemoji.maxcdn.com/v/latest/svg/1f680.svg,
ğŸš‚,transportation,1f682.svg,emoji_images/1f682.svg,https://twemoji.maxcdn.com/v/latest/svg/1f682.svg,
ğŸšŒ,transportation,1f68c.svg,emoji_images/1f68c.svg,https://twemoji.maxcdn.com/v/latest/svg/1f68c.svg,
ğŸš,misc,1f68f.svg,emoji_images/1f68f.svg,https://twemoji.maxcdn.com/v/latest/svg/1f68f.svg,
ğŸš˜,transportation,1f698.svg,emoji_images/1f698.svg,https://twemoji.maxcdn.com/v/latest/svg/1f698.svg,
ğŸšš,transportation,1f69a.svg,emoji_images/1f69a.svg,https://twemoji.maxcdn.com/v/latest/svg/1f69a.svg,
ğŸšœ,tool,1f69c.svg,emoji_images/1f69c.svg,https://twemoji.maxcdn.com/v/latest/svg/1f69c.svg,
ğŸš¤,transportation,1f6a4.svg,emoji_images/1f6a4.svg,https://twemoji.maxcdn.com/v/latest/svg/1f6a4.svg,
ğŸš§,misc,1f6a7.svg,emoji_images/1f6a7.svg,https://twemoji.maxcdn.com/v/latest/svg/1f6a7.svg,
ğŸš¨,misc,1f6a8.svg,emoji_images/1f6a8.svg,https://twemoji.maxcdn.com/v/latest/svg/1f6a8.svg,
ğŸš©,flag,1f6a9.svg,emoji_images/1f6a9.svg,https://twemoji.maxcdn.com/v/latest/svg/1f6a9.svg,
ğŸšª,misc,1f6aa.svg,emoji_images/1f6aa.svg,https://twemoji.maxcdn.com/v/latest/svg/1f6aa.svg,
ğŸš²,transportation,1f6b2.svg,emoji_images/1f6b2.svg,https://twemoji.maxcdn.com/v/latest/svg/1f6b2.svg,
ğŸš¶\u200dâ™‚ï¸,misc,1f6b6-1f3fb-200d-2640-fe0f.svg,emoji_images/1f6b6-1f3fb-200d-2640-fe0f.svg,https://twemoji.maxcdn.com/v/latest/svg/1f6b6-1f3fb-200d-2640-fe0f.svg,
ğŸš½,furniture,1f6bd.svg,emoji_images/1f6bd.svg,https://twemoji.maxcdn.com/v/latest/svg/1f6bd.svg,
ğŸ›,furniture,1f6c1.svg,emoji_images/1f6c1.svg,https://twemoji.maxcdn.com/v/latest/svg/1f6c1.svg,
ğŸ›ï¸,misc,1f6cd.svg,emoji_images/1f6cd.svg,https://twemoji.maxcdn.com/v/latest/svg/1f6cd.svg,
ğŸ›ï¸,furniture,1f6cf.svg,emoji_images/1f6cf.svg,https://twemoji.maxcdn.com/v/latest/svg/1f6cf.svg,
ğŸ›’,misc,1f6d2.svg,emoji_images/1f6d2.svg,https://twemoji.maxcdn.com/v/latest/svg/1f6d2.svg,
ğŸ›•,misc,1f6d5.svg,emoji_images/1f6d5.svg,https://twemoji.maxcdn.com/v/latest/svg/1f6d5.svg,
ğŸ› ,tool,1f6e0.svg,emoji_images/1f6e0.svg,https://twemoji.maxcdn.com/v/latest/svg/1f6e0.svg,
ğŸ›¤,misc,1f6e4.svg,emoji_images/1f6e4.svg,https://twemoji.maxcdn.com/v/latest/svg/1f6e4.svg,
ğŸ›¥,transportation,1f6e5.svg,emoji_images/1f6e5.svg,https://twemoji.maxcdn.com/v/latest/svg/1f6e5.svg,
ğŸ›©,transportation,1f6e9.svg,emoji_images/1f6e9.svg,https://twemoji.maxcdn.com/v/latest/svg/1f6e9.svg,
ğŸŸ£,misc,1f7e3.svg,emoji_images/1f7e3.svg,https://twemoji.maxcdn.com/v/latest/svg/1f7e3.svg,
ğŸ¤,heart,1f90d.svg,emoji_images/1f90d.svg,https://twemoji.maxcdn.com/v/latest/svg/1f90d.svg,
ğŸ¤,heart,1f90e.svg,emoji_images/1f90e.svg,https://twemoji.maxcdn.com/v/latest/svg/1f90e.svg,
ğŸ¤‘,sentiment,1f911.svg,emoji_images/1f911.svg,https://twemoji.maxcdn.com/v/latest/svg/1f911.svg,
ğŸ¤“,sentiment,1f913.svg,emoji_images/1f913.svg,https://twemoji.maxcdn.com/v/latest/svg/1f913.svg,
ğŸ¤”,sentiment,1f914.svg,emoji_images/1f914.svg,https://twemoji.maxcdn.com/v/latest/svg/1f914.svg,
ğŸ¤–,sentiment,1f916.svg,emoji_images/1f916.svg,https://twemoji.maxcdn.com/v/latest/svg/1f916.svg,
ğŸ¤—,sentiment,1f917.svg,emoji_images/1f917.svg,https://twemoji.maxcdn.com/v/latest/svg/1f917.svg,
ğŸ¤™,hand,1f919.svg,emoji_images/1f919.svg,https://twemoji.maxcdn.com/v/latest/svg/1f919.svg,
ğŸ¤™ğŸ»,hand,1f919-1f3fb.svg,emoji_images/1f919-1f3fb.svg,https://twemoji.maxcdn.com/v/latest/svg/1f919-1f3fb.svg,
ğŸ¤š,hand,1f91a.svg,emoji_images/1f91a.svg,https://twemoji.maxcdn.com/v/latest/svg/1f91a.svg,
ğŸ¤šğŸ¼,hand,1f91a-1f3fc.svg,emoji_images/1f91a-1f3fc.svg,https://twemoji.maxcdn.com/v/latest/svg/1f91a-1f3fc.svg,
ğŸ¤,hand,1f91d.svg,emoji_images/1f91d.svg,https://twemoji.maxcdn.com/v/latest/svg/1f91d.svg,
ğŸ¤,hand,1f91e.svg,emoji_images/1f91e.svg,https://twemoji.maxcdn.com/v/latest/svg/1f91e.svg,
ğŸ¤ğŸ»,hand,1f91e-1f3fb.svg,emoji_images/1f91e-1f3fb.svg,https://twemoji.maxcdn.com/v/latest/svg/1f91e-1f3fb.svg,
ğŸ¤ğŸ¼,hand,1f91e-1f3fc.svg,emoji_images/1f91e-1f3fc.svg,https://twemoji.maxcdn.com/v/latest/svg/1f91e-1f3fc.svg,
ğŸ¤ğŸ½,hand,1f91e-1f3fd.svg,emoji_images/1f91e-1f3fd.svg,https://twemoji.maxcdn.com/v/latest/svg/1f91e-1f3fd.svg,
ğŸ¤ ,sentiment,1f920.svg,emoji_images/1f920.svg,https://twemoji.maxcdn.com/v/latest/svg/1f920.svg,
ğŸ¤¡,sentiment,1f921.svg,emoji_images/1f921.svg,https://twemoji.maxcdn.com/v/latest/svg/1f921.svg,
ğŸ¤¢,sentiment,1f922.svg,emoji_images/1f922.svg,https://twemoji.maxcdn.com/v/latest/svg/1f922.svg,
ğŸ¤£,sentiment,1f923.svg,emoji_images/1f923.svg,https://twemoji.maxcdn.com/v/latest/svg/1f923.svg,
ğŸ¤¤,sentiment,1f924.svg,emoji_images/1f924.svg,https://twemoji.maxcdn.com/v/latest/svg/1f924.svg,
ğŸ¤¦,sentiment,1f926.svg,emoji_images/1f926.svg,https://twemoji.maxcdn.com/v/latest/svg/1f926.svg,
ğŸ¤¦\u200dâ™‚ï¸,sentiment,1f926-200d-2642-fe0f.svg,emoji_images/1f926-200d-2642-fe0f.svg,https://twemoji.maxcdn.com/v/latest/svg/1f926-200d-2642-fe0f.svg,
ğŸ¤¦ğŸ»\u200dâ™€ï¸,sentiment,1f926-1f3fb-200d-2640-fe0f.svg,emoji_images/1f926-1f3fb-200d-2640-fe0f.svg,https://twemoji.maxcdn.com/v/latest/svg/1f926-1f3fb-200d-2640-fe0f.svg,
ğŸ¤¦ğŸ¾\u200dâ™€ï¸,sentiment,1f926-1f3fe-200d-2640-fe0f.svg,emoji_images/1f926-1f3fe-200d-2640-fe0f.svg,https://twemoji.maxcdn.com/v/latest/svg/1f926-1f3fe-200d-2640-fe0f.svg,
ğŸ¤§,sentiment,1f927.svg,emoji_images/1f927.svg,https://twemoji.maxcdn.com/v/latest/svg/1f927.svg,
ğŸ¤¨,sentiment,1f928.svg,emoji_images/1f928.svg,https://twemoji.maxcdn.com/v/latest/svg/1f928.svg,
ğŸ¤©,sentiment,1f929.svg,emoji_images/1f929.svg,https://twemoji.maxcdn.com/v/latest/svg/1f929.svg,
ğŸ¤ª,sentiment,1f92a.svg,emoji_images/1f92a.svg,https://twemoji.maxcdn.com/v/latest/svg/1f92a.svg,
ğŸ¤«,sentiment,1f92b.svg,emoji_images/1f92b.svg,https://twemoji.maxcdn.com/v/latest/svg/1f92b.svg,
ğŸ¤¬,sentiment,1f92c.svg,emoji_images/1f92c.svg,https://twemoji.maxcdn.com/v/latest/svg/1f92c.svg,
ğŸ¤­,sentiment,1f92d.svg,emoji_images/1f92d.svg,https://twemoji.maxcdn.com/v/latest/svg/1f92d.svg,
ğŸ¤¯,sentiment,1f92f.svg,emoji_images/1f92f.svg,https://twemoji.maxcdn.com/v/latest/svg/1f92f.svg,
ğŸ¤²,hand,1f932.svg,emoji_images/1f932.svg,https://twemoji.maxcdn.com/v/latest/svg/1f932.svg,
ğŸ¤¶ğŸ»,seasonal,1f936-1f3fb.svg,emoji_images/1f936-1f3fb.svg,https://twemoji.maxcdn.com/v/latest/svg/1f936-1f3fb.svg,
ğŸ¤·\u200dâ™‚ï¸,sentiment,1f937-200d-2642-fe0f.svg,emoji_images/1f937-200d-2642-fe0f.svg,https://twemoji.maxcdn.com/v/latest/svg/1f937-200d-2642-fe0f.svg,
ğŸ¤·ğŸ¼\u200dâ™€ï¸,sentiment,1f937-1f3fc-200d-2640-fe0f.svg,emoji_images/1f937-1f3fc-200d-2640-fe0f.svg,https://twemoji.maxcdn.com/v/latest/svg/1f937-1f3fc-200d-2640-fe0f.svg,
ğŸ¤·ğŸ½\u200dâ™€ï¸,sentiment,1f937-1f3fd-200d-2640-fe0f.svg,emoji_images/1f937-1f3fd-200d-2640-fe0f.svg,https://twemoji.maxcdn.com/v/latest/svg/1f937-1f3fd-200d-2640-fe0f.svg,
ğŸ¤º,misc,1f93a.svg,emoji_images/1f93a.svg,https://twemoji.maxcdn.com/v/latest/svg/1f93a.svg,
ğŸ¥€,flower,1f940.svg,emoji_images/1f940.svg,https://twemoji.maxcdn.com/v/latest/svg/1f940.svg,
ğŸ¥,music,1f941.svg,emoji_images/1f941.svg,https://twemoji.maxcdn.com/v/latest/svg/1f941.svg,
ğŸ¥‚,food,1f942.svg,emoji_images/1f942.svg,https://twemoji.maxcdn.com/v/latest/svg/1f942.svg,
ğŸ¥‡,misc,1f947.svg,emoji_images/1f947.svg,https://twemoji.maxcdn.com/v/latest/svg/1f947.svg,
ğŸ¥”,fruit,1f954.svg,emoji_images/1f954.svg,https://twemoji.maxcdn.com/v/latest/svg/1f954.svg,
ğŸ¥•,fruit,1f955.svg,emoji_images/1f955.svg,https://twemoji.maxcdn.com/v/latest/svg/1f955.svg,
ğŸ¥–,food,1f956.svg,emoji_images/1f956.svg,https://twemoji.maxcdn.com/v/latest/svg/1f956.svg,
ğŸ¥˜,food,1f958.svg,emoji_images/1f958.svg,https://twemoji.maxcdn.com/v/latest/svg/1f958.svg,
ğŸ¥š,food,1f95a.svg,emoji_images/1f95a.svg,https://twemoji.maxcdn.com/v/latest/svg/1f95a.svg,
ğŸ¥,food,1f95e.svg,emoji_images/1f95e.svg,https://twemoji.maxcdn.com/v/latest/svg/1f95e.svg,
ğŸ¥ ,food,1f960.svg,emoji_images/1f960.svg,https://twemoji.maxcdn.com/v/latest/svg/1f960.svg,
ğŸ¥¥,fruit,1f965.svg,emoji_images/1f965.svg,https://twemoji.maxcdn.com/v/latest/svg/1f965.svg,
ğŸ¥¨,food,1f968.svg,emoji_images/1f968.svg,https://twemoji.maxcdn.com/v/latest/svg/1f968.svg,
ğŸ¥ª,food,1f96a.svg,emoji_images/1f96a.svg,https://twemoji.maxcdn.com/v/latest/svg/1f96a.svg,
ğŸ¥¬,fruit,1f96c.svg,emoji_images/1f96c.svg,https://twemoji.maxcdn.com/v/latest/svg/1f96c.svg,
ğŸ¥®,food,1f96e.svg,emoji_images/1f96e.svg,https://twemoji.maxcdn.com/v/latest/svg/1f96e.svg,
ğŸ¥°,sentiment,1f970.svg,emoji_images/1f970.svg,https://twemoji.maxcdn.com/v/latest/svg/1f970.svg,
ğŸ¥±,sentiment,1f971.svg,emoji_images/1f971.svg,https://twemoji.maxcdn.com/v/latest/svg/1f971.svg,
ğŸ¥³,sentiment,1f973.svg,emoji_images/1f973.svg,https://twemoji.maxcdn.com/v/latest/svg/1f973.svg,
ğŸ¥´,sentiment,1f974.svg,emoji_images/1f974.svg,https://twemoji.maxcdn.com/v/latest/svg/1f974.svg,
ğŸ¥¶,sentiment,1f976.svg,emoji_images/1f976.svg,https://twemoji.maxcdn.com/v/latest/svg/1f976.svg,
ğŸ¥º,sentiment,1f97a.svg,emoji_images/1f97a.svg,https://twemoji.maxcdn.com/v/latest/svg/1f97a.svg,
ğŸ¦,animal,1f981.svg,emoji_images/1f981.svg,https://twemoji.maxcdn.com/v/latest/svg/1f981.svg,
ğŸ¦‚,bug,1f982.svg,emoji_images/1f982.svg,https://twemoji.maxcdn.com/v/latest/svg/1f982.svg,
ğŸ¦ƒ,animal,1f983.svg,emoji_images/1f983.svg,https://twemoji.maxcdn.com/v/latest/svg/1f983.svg,
ğŸ¦„,animal,1f984.svg,emoji_images/1f984.svg,https://twemoji.maxcdn.com/v/latest/svg/1f984.svg,
ğŸ¦…,animal,1f985.svg,emoji_images/1f985.svg,https://twemoji.maxcdn.com/v/latest/svg/1f985.svg,
ğŸ¦†,animal,1f986.svg,emoji_images/1f986.svg,https://twemoji.maxcdn.com/v/latest/svg/1f986.svg,
ğŸ¦‡,animal,1f987.svg,emoji_images/1f987.svg,https://twemoji.maxcdn.com/v/latest/svg/1f987.svg,
ğŸ¦‰,animal,1f989.svg,emoji_images/1f989.svg,https://twemoji.maxcdn.com/v/latest/svg/1f989.svg,
ğŸ¦Š,animal,1f98a.svg,emoji_images/1f98a.svg,https://twemoji.maxcdn.com/v/latest/svg/1f98a.svg,
ğŸ¦‹,bug,1f98b.svg,emoji_images/1f98b.svg,https://twemoji.maxcdn.com/v/latest/svg/1f98b.svg,
ğŸ¦Œ,animal,1f98c.svg,emoji_images/1f98c.svg,https://twemoji.maxcdn.com/v/latest/svg/1f98c.svg,
ğŸ¦,animal,1f98d.svg,emoji_images/1f98d.svg,https://twemoji.maxcdn.com/v/latest/svg/1f98d.svg,
ğŸ¦‘,animal,1f991.svg,emoji_images/1f991.svg,https://twemoji.maxcdn.com/v/latest/svg/1f991.svg,
ğŸ¦’,animal,1f992.svg,emoji_images/1f992.svg,https://twemoji.maxcdn.com/v/latest/svg/1f992.svg,
ğŸ¦“,animal,1f993.svg,emoji_images/1f993.svg,https://twemoji.maxcdn.com/v/latest/svg/1f993.svg,
ğŸ¦”,animal,1f994.svg,emoji_images/1f994.svg,https://twemoji.maxcdn.com/v/latest/svg/1f994.svg,
ğŸ¦•,animal,1f995.svg,emoji_images/1f995.svg,https://twemoji.maxcdn.com/v/latest/svg/1f995.svg,
ğŸ¦–,animal,1f996.svg,emoji_images/1f996.svg,https://twemoji.maxcdn.com/v/latest/svg/1f996.svg,
ğŸ¦—,animal,1f997.svg,emoji_images/1f997.svg,https://twemoji.maxcdn.com/v/latest/svg/1f997.svg,
ğŸ¦˜,animal,1f998.svg,emoji_images/1f998.svg,https://twemoji.maxcdn.com/v/latest/svg/1f998.svg,
ğŸ¦,animal,1f99d.svg,emoji_images/1f99d.svg,https://twemoji.maxcdn.com/v/latest/svg/1f99d.svg,
ğŸ¦¥,animal,1f9a5.svg,emoji_images/1f9a5.svg,https://twemoji.maxcdn.com/v/latest/svg/1f9a5.svg,
ğŸ¦¦,animal,1f9a6.svg,emoji_images/1f9a6.svg,https://twemoji.maxcdn.com/v/latest/svg/1f9a6.svg,
ğŸ¦´,misc,1f9b4.svg,emoji_images/1f9b4.svg,https://twemoji.maxcdn.com/v/latest/svg/1f9b4.svg,
ğŸ§€,food,1f9c0.svg,emoji_images/1f9c0.svg,https://twemoji.maxcdn.com/v/latest/svg/1f9c0.svg,
ğŸ§,food,1f9c1.svg,emoji_images/1f9c1.svg,https://twemoji.maxcdn.com/v/latest/svg/1f9c1.svg,
ğŸ§ƒ,food,1f9c3.svg,emoji_images/1f9c3.svg,https://twemoji.maxcdn.com/v/latest/svg/1f9c3.svg,
ğŸ§†,food,1f9c6.svg,emoji_images/1f9c6.svg,https://twemoji.maxcdn.com/v/latest/svg/1f9c6.svg,
ğŸ§,misc,1f9cd.svg,emoji_images/1f9cd.svg,https://twemoji.maxcdn.com/v/latest/svg/1f9cd.svg,
ğŸ§\u200dâ™‚ï¸,misc,1f9cd-200d-2642-fe0f.svg,emoji_images/1f9cd-200d-2642-fe0f.svg,https://twemoji.maxcdn.com/v/latest/svg/1f9cd-200d-2642-fe0f.svg,
ğŸ§ğŸ¾\u200dâ™€ï¸,misc,1f9cd-1f3fe-200d-2640-fe0f.svg,emoji_images/1f9cd-1f3fe-200d-2640-fe0f.svg,https://twemoji.maxcdn.com/v/latest/svg/1f9cd-1f3fe-200d-2640-fe0f.svg,
ğŸ§,sentiment,1f9d0.svg,emoji_images/1f9d0.svg,https://twemoji.maxcdn.com/v/latest/svg/1f9d0.svg,
ğŸ§‘\u200dğŸŒ¾,misc,1f9d1-200d-1f33e.svg,emoji_images/1f9d1-200d-1f33e.svg,https://twemoji.maxcdn.com/v/latest/svg/1f9d1-200d-1f33e.svg,
ğŸ§‘ğŸ½\u200dğŸ³,misc,1f9d1-1f3fd-200d-1f373.svg,emoji_images/1f9d1-1f3fd-200d-1f373.svg,https://twemoji.maxcdn.com/v/latest/svg/1f9d1-1f3fd-200d-1f373.svg,
ğŸ§™,misc,1f9d9.svg,emoji_images/1f9d9.svg,https://twemoji.maxcdn.com/v/latest/svg/1f9d9.svg,
ğŸ§™\u200dâ™€ï¸,misc,1f9d9-200d-2640-fe0f.svg,emoji_images/1f9d9-200d-2640-fe0f.svg,https://twemoji.maxcdn.com/v/latest/svg/1f9d9-200d-2640-fe0f.svg,
ğŸ§™ğŸ»\u200dâ™€ï¸,misc,1f9d9-1f3fb-200d-2640-fe0f.svg,emoji_images/1f9d9-1f3fb-200d-2640-fe0f.svg,https://twemoji.maxcdn.com/v/latest/svg/1f9d9-1f3fb-200d-2640-fe0f.svg,
ğŸ§™ğŸ»\u200dâ™‚ï¸,misc,1f9d9-1f3fb-200d-2642-fe0f.svg,emoji_images/1f9d9-1f3fb-200d-2642-fe0f.svg,https://twemoji.maxcdn.com/v/latest/svg/1f9d9-1f3fb-200d-2642-fe0f.svg,
ğŸ§š,misc,1f9da.svg,emoji_images/1f9da.svg,https://twemoji.maxcdn.com/v/latest/svg/1f9da.svg,
ğŸ§šğŸ»\u200dâ™€ï¸,misc,1f9da-200d-2640-fe0f.svg,emoji_images/1f9da-200d-2640-fe0f.svg,https://twemoji.maxcdn.com/v/latest/svg/1f9da-200d-2640-fe0f.svg,
ğŸ§šğŸ¼\u200dâ™€ï¸,misc,1f9da-1f3fc-200d-2640-fe0f.svg,emoji_images/1f9da-1f3fc-200d-2640-fe0f.svg,https://twemoji.maxcdn.com/v/latest/svg/1f9da-1f3fc-200d-2640-fe0f.svg,
ğŸ§šğŸ½\u200dâ™€ï¸,misc,1f9da-1f3fd-200d-2640-fe0f.svg,emoji_images/1f9da-1f3fd-200d-2640-fe0f.svg,https://twemoji.maxcdn.com/v/latest/svg/1f9da-1f3fd-200d-2640-fe0f.svg,
ğŸ§›,misc,1f9db.svg,emoji_images/1f9db.svg,https://twemoji.maxcdn.com/v/latest/svg/1f9db.svg,
ğŸ§›\u200dâ™€ï¸,misc,1f9db-200d-2640-fe0f.svg,emoji_images/1f9db-200d-2640-fe0f.svg,https://twemoji.maxcdn.com/v/latest/svg/1f9db-200d-2640-fe0f.svg,
ğŸ§›ğŸ»,misc,1f9db-1f3fb.svg,emoji_images/1f9db-1f3fb.svg,https://twemoji.maxcdn.com/v/latest/svg/1f9db-1f3fb.svg,
ğŸ§›ğŸ»\u200dâ™€ï¸,misc,1f9db-1f3fb-200d-2640-fe0f.svg,emoji_images/1f9db-1f3fb-200d-2640-fe0f.svg,https://twemoji.maxcdn.com/v/latest/svg/1f9db-1f3fb-200d-2640-fe0f.svg,
ğŸ§›ğŸ¼,misc,1f9db-1f3fc.svg,emoji_images/1f9db-1f3fc.svg,https://twemoji.maxcdn.com/v/latest/svg/1f9db-1f3fc.svg,
ğŸ§›ğŸ¼\u200dâ™€ï¸,misc,1f9db-1f3fc-200d-2640-fe0f.svg,emoji_images/1f9db-1f3fc-200d-2640-fe0f.svg,https://twemoji.maxcdn.com/v/latest/svg/1f9db-1f3fc-200d-2640-fe0f.svg,
ğŸ§œğŸ»\u200dâ™€ï¸,misc,1f9dc-1f3fb-200d-2640-fe0f.svg,emoji_images/1f9dc-1f3fb-200d-2640-fe0f.svg,https://twemoji.maxcdn.com/v/latest/svg/1f9dc-1f3fb-200d-2640-fe0f.svg,
ğŸ§œğŸ¼\u200dâ™€ï¸,misc,1f9dc-1f3fc-200d-2640-fe0f.svg,emoji_images/1f9dc-1f3fc-200d-2640-fe0f.svg,https://twemoji.maxcdn.com/v/latest/svg/1f9dc-1f3fc-200d-2640-fe0f.svg,
ğŸ§,misc,1f9dd.svg,emoji_images/1f9dd.svg,https://twemoji.maxcdn.com/v/latest/svg/1f9dd.svg,
ğŸ§ğŸ¼\u200dâ™€ï¸,misc,1f9dd-1f3fc-200d-2640-fe0f.svg,emoji_images/1f9dd-1f3fc-200d-2640-fe0f.svg,https://twemoji.maxcdn.com/v/latest/svg/1f9dd-1f3fc-200d-2640-fe0f.svg,
ğŸ§ğŸ½\u200dâ™€ï¸,misc,1f9dd-1f3fd-200d-2640-fe0f.svg,emoji_images/1f9dd-1f3fd-200d-2640-fe0f.svg,https://twemoji.maxcdn.com/v/latest/svg/1f9dd-1f3fd-200d-2640-fe0f.svg,
ğŸ§Ÿ,misc,1f9df.svg,emoji_images/1f9df.svg,https://twemoji.maxcdn.com/v/latest/svg/1f9df.svg,
ğŸ§Ÿ\u200dâ™€ï¸,misc,1f9df-200d-2640-fe0f.svg,emoji_images/1f9df-200d-2640-fe0f.svg,https://twemoji.maxcdn.com/v/latest/svg/1f9df-200d-2640-fe0f.svg,
ğŸ§Ÿ\u200dâ™‚ï¸,misc,1f9df-200d-2642-fe0f.svg,emoji_images/1f9df-200d-2642-fe0f.svg,https://twemoji.maxcdn.com/v/latest/svg/1f9df-200d-2642-fe0f.svg,
ğŸ§¡,heart,1f9e1.svg,emoji_images/1f9e1.svg,https://twemoji.maxcdn.com/v/latest/svg/1f9e1.svg,
ğŸ§£,misc,1f9e3.svg,emoji_images/1f9e3.svg,https://twemoji.maxcdn.com/v/latest/svg/1f9e3.svg,
ğŸ§¥,misc,1f9e5.svg,emoji_images/1f9e5.svg,https://twemoji.maxcdn.com/v/latest/svg/1f9e5.svg,
ğŸ§¦,misc,1f9e6.svg,emoji_images/1f9e6.svg,https://twemoji.maxcdn.com/v/latest/svg/1f9e6.svg,
ğŸ§ª,misc,1f9ea.svg,emoji_images/1f9ea.svg,https://twemoji.maxcdn.com/v/latest/svg/1f9ea.svg,
ğŸ§±,misc,1f9f1.svg,emoji_images/1f9f1.svg,https://twemoji.maxcdn.com/v/latest/svg/1f9f1.svg,
ğŸ§¶,misc,1f9f6.svg,emoji_images/1f9f6.svg,https://twemoji.maxcdn.com/v/latest/svg/1f9f6.svg,
ğŸ§¸,misc,1f9f8.svg,emoji_images/1f9f8.svg,https://twemoji.maxcdn.com/v/latest/svg/1f9f8.svg,
ğŸ§¹,tool,1f9f9.svg,emoji_images/1f9f9.svg,https://twemoji.maxcdn.com/v/latest/svg/1f9f9.svg,
ğŸ§º,misc,1f9fa.svg,emoji_images/1f9fa.svg,https://twemoji.maxcdn.com/v/latest/svg/1f9fa.svg,
ğŸ§¿,misc,1f9ff.svg,emoji_images/1f9ff.svg,https://twemoji.maxcdn.com/v/latest/svg/1f9ff.svg,
ğŸ©°,misc,1fa70.svg,emoji_images/1fa70.svg,https://twemoji.maxcdn.com/v/latest/svg/1fa70.svg,
ğŸ©²,misc,1fa72.svg,emoji_images/1fa72.svg,https://twemoji.maxcdn.com/v/latest/svg/1fa72.svg,
ğŸ©¸,misc,1fa78.svg,emoji_images/1fa78.svg,https://twemoji.maxcdn.com/v/latest/svg/1fa78.svg,
ğŸ©¹,misc,1fa79.svg,emoji_images/1fa79.svg,https://twemoji.maxcdn.com/v/latest/svg/1fa79.svg,
ğŸª,misc,1fa81.svg,emoji_images/1fa81.svg,https://twemoji.maxcdn.com/v/latest/svg/1fa81.svg,
ğŸª,stars,1fa90.svg,emoji_images/1fa90.svg,https://twemoji.maxcdn.com/v/latest/svg/1fa90.svg,
ğŸª‘,furniture,1fa91.svg,emoji_images/1fa91.svg,https://twemoji.maxcdn.com/v/latest/svg/1fa91.svg,
ğŸª“,tool,1fa93.svg,emoji_images/1fa93.svg,https://twemoji.maxcdn.com/v/latest/svg/1fa93.svg,