hashtags,freq
AnimalCrossing,9656
ACNH,9077
NintendoSwitch,7940
AnimalCrossingNewHorizons,245
animalcrossing,220
acnh,215
ACNHUpdate,157
AnimalCrossingNewHorizions,84
HappyHomeParadise,57
どうぶつの森,38
acnhupdate,36
animalcrossingnewhorizons,34
AnimalCrossingupdate,33
Nintendo,32
Brewster,28
happyhomeparadise,24
ACNHupdate,18
twitch,14
actwt,12
nintendoswitch,11
HHP,11
dodocode,11
동물의숲,10
nintendo,9
brewster,9
NewHorizons,9
update,8
ACNHDLC,8
acnhinspo,8
acnhdlc,8
動物森友會,8
Animalcrossing,8
あつ森,7
AnimalCrossingNewHorizon,7
animalcrossingupdate,7
ACNHDesign,7
ACNHDesigns,7
newhorizons,6
DLC,6
gyroid,6
shino,6
Twitch,6
acnhupdatespoilers,6
animalcrossingDLC,5
amiibo,5
Repost,5
Shino,5
art,5
acnhtwt,5
kappn,5
AnimalCrossingHappyHomeParadise,5
vtuber,5
guide,5
PocketCamp,5
cute,4
TheRoost,4
Sasha,4
AnimalCrossingNH,4
cat,4
hhp,4
happyhomedesigner,4
acnhhhp,4
acnhdirect,4
paradiseplanning,4
动物森友会,4
acnhdesign,4
Vtuber,4
あつまれどうぶつの森,4
Covenstead,4
ACPCgallery,4
UnpackingGame,4
ENVtuber,3
wardell,3
LumiAC,3
pocketcamp,3
viratkholi,3
Animalcrossinghappyhomeparadise,3
Eloise,3
coffee,3
acnhtrade,3
ione,3
switch,3
fanart,3
ACNHinspo,3
Gyroids,3
gyroids,3
twitchstreamer,3
あつ森写真部,3
acnhplanner,3
Esports,3
Women,3
Zelda,3
USA,3
RealEstate,3
BTC,3
cosplay,3
gamedev,3
villagersinboxes,3
envtuber,3
sasha,3
NintendoSwitchLite,3
smallstreamer,3
halloween,3
bob,3
livestreaming,2
AMC,2
Kidcore,2
acpc,2
newupdate,2
HappyBirthdayViratKohli,2
achhp,2
dlc,2
gaming,2
NeoBuda,2
furry,2
meme,2
Guides,2
Antonio,2
Ankha,2
AnimalCrossingDlc,2
BMSwitch,2
Sanji,2
HighLights,2
fixed,2
Audie,2
streamer,2
Update,2
caughtin4k,2
livestream,2
Switch,2
ANIMALCROSSING,2
raymond,2
villager,2
ACHHP,2
Wisp,2
ACNHtwt,2
Lottie,2
bnha,2
happyhome,2
HappyDiwali,2
anchmuseum,2
acnhbrewster,2
100DaysOfCode,2
Katrina,2
ACNHTrade,2
TwitchAffiliate,2
twitchaffiliate,2
ACNHDirect,2
vtuberen,2
Kappn,2
cooking,2
AnimalCrossingDesigns,2
dodocodes,2
Kapp,2
animoncrossing,2
TomNookDies,2
AnimalCrossingDirect,2
live,2
seabass,2
mha,2
update2,2
kkslider,2
ootd,2
drawing,2
マイデザイン,2
acupdate,2
ACNL,2
ACPC,2
gamer,2
TwitchStreamers,2
starisland,2
oc,2
marshal,2
acnhvillager,2
kapp,2
miyajimaacnh,2
BLM,2
stopasianhate,2
glowsticks,2
nookazon,2
AnimalCrossingCommunity,2
ポケットキャンプ,2
froggychair,2
WeAreLVLUP,2
RedHead,1
AMCSQUEEZE,1
AMC100k,1
amc,1
twitchpanels,1
RedHeadDay,1
ChefItUp,1
Ozzie,1
TooCute,1
Wardell,1
greece,1
kavala,1
ciara,1
rooted,1
गोवर्धन,1
GovardhanPuja2021,1
Bruce,1
boba,1
bubbletea,1
HappyHomes,1
baychilla,1
ACNHdesign,1
Petri,1
ACNHfriends,1
gamergirl,1
DirtyBeanWater,1
CoffeeBreak,1
NagusameIsland,1
weightlosstips,1
auspol,1
australia,1
COP 26,1
wapol,1
alpacas,1
Reese,1
Cyrus,1
shorts,1
ankha,1
ankhameme,1
catdancing,1
ACNHArt,1
GTA5,1
HappyHomeDesigner,1
Pecan,1
China,1
WildWorld,1
Dobie,1
ParadisePlanning,1
mott,1
NaNoWriMo,1
Judy,1
digby,1
anthro,1
govardhanpuja2021,1
Happy,1
ACNHHHP,1
NSP,1
NinjaSexParty,1
trashetsu,1
Raymond,1
fridaymorning,1
Happyhome,1
wardell4life,1
AnimalCrossingNewHorizonsscreenshot,1
ACNHscreenshot,1
amiibocards,1
mountaindew,1
playervsrep,1
pfp,1
villagerhunting,1
HardRock,1
Diwali,1
GFvip,1
Happyhomeparadice,1
acnhvideo,1
photomode,1
hans,1
acnhcottagecore,1
Kōkishin,1
HappyHome,1
acnhspoilers,1
NintendoSwitchIM,1
waves,1
bff,1
new,1
uwu,1
Variety,1
Games,1
NewHorizon,1
NewUpdate,1
Gamer,1
Comfy,1
hornsby,1
unicorn,1
resinjewelry,1
Sanrio,1
acnh2,1
cottagecore,1
NCNH,1
broccolo,1
acnhkapp,1
andtheywereroommates,1
BakugoKatsuki,1
HayleyPlaysACNH,1
crops,1
BoatTour,1
rareisland,1
TheSlayerBaron,1
happyhomeParadise,1
Happyhomeparadise,1
CocoCity,1
Frozen,1
HBDViratKohli,1
RCB,1
bbcqt,1
GOAT,1
violin,1
otamatone,1
animalcrossingnh,1
fishing,1
GrooveCoaster,1
Camera,1
Friends,1
Shenanigans,1
ACHN,1
Komisan,1
isleofpluto,1
senderismo,1
TheOffice,1
Vkrazzy,1
animalcrossinghewhorizons,1
AC,1
GenshinImpact,1
beepsnboops,1
America,1
Harvey,1
森アプデ,1
unicorns,1
Celeste,1
ACNHTRADE,1
RHONY,1
動森,1
selfies,1
SmallStreamer,1
Tybalt,1
love,1
KewpieGang,1
NewProfilePic,1
ACNHDate,1
Toilets,1
villagers,1
ASMR,1
Youtube,1
Gaming,1
VtuberEN,1
latepost,1
fnf,1
fridaynightfunkin,1
animalcrossingNH,1
Remastered,1
reedited,1
Ordinances,1
PrismVT,1
Live2d,1
glitterpeaks,1
twinpeaks,1
Hamlet,1
Mira,1
Pate,1
freegame,1
DiscoElysium,1
acnhdiyrecipes,1
naturecore,1
sherb,1
NFT,1
utena,1
ytho,1
TreasureIsland,1
TwitchStreaming,1
resetti,1
gijinka,1
petri,1
ACNHtrade,1
bells,1
sparebells,1
IsleofBi,1
KKSlider,1
Music,1
TierList,1
ACNHgiveaways,1
DQB2,1
newsies,1
IslaToHo,1
turnips,1
HMU,1
wwereleases,1
ElectionResults2021,1
enhypen,1
DC,1
BinanceSmartChain,1
villagerinboxes,1
Pascal,1
ConsiderYourselfTruthed,1
SuperKalee,1
king,1
kingoffighters,1
snk,1
AnimalCrossingUpdate,1
eattherich,1
ThrowbackThursday,1
campbuddy,1
Monopoly,1
AnimalCrossongNewHorizons,1
Flick,1
DodoCode,1
spam,1
Joker,1
OtroNivel,1
EresArte,1
acnhdesigns,1
bobacnh,1
achnnewdiys,1
acnhnewpermits,1
approx40knmts,1
autumnvibes,1
ACH,1
WorldWarZ,1
HXE,1
nook,1
cryin,1
worthit,1
WowWowCrossing,1
Marshal,1
Lolly,1
ApexLegends,1
apex,1
lol,1
Livestream,1
NFTs,1
HarvsIsland,1
StardewValley,1
QuinnAnimalCrossing,1
Quinn,1
blathers,1
twitchstream,1
twitchstreaming,1
Amphibia,1
acnhcooking,1
seabasswithherbs,1
myfirstmeal,1
thestrokes,1
fypシ,1
artist,1
inktober2021,1
Inktober,1
Watercolour,1
illustration,1
sketch,1
painting,1
MyHeroAcademia,1
mhafanart,1
Rude,1
AcnhUpdate,1
Gulliver,1
Bulbasaur,1
FF,1
hemp,1
FolloForFolloBack,1
delta8,1
cbd,1
ad,1
treasure,1
Well_Paid_India,1
Twiggy,1
ACDom,1
Sugarcane,1
Animalcrossinghewhorizons,1
WillowbendLife,1
UPDATE2,1
AnimalCrossingUpdates,1
wishlist,1
harvsisland,1
Ankhaanimalcrossing,1
doodle,1
ankhafanart,1
glitch,1
LINUXKAFE,1
Poland,1
100daysofcodewithGFG,1
AEW,1
ac,1
turnipPrices,1
ACNH2,1
Isabelle,1
squirrels,1
nmt,1
mysteryisland,1
TeamFAKE,1
NintendoSwitchOnline,1
Isolde,1
Viego,1
Viesolde,1
NintendoSwitthat,1
NAnimalCrossingNewHorizons,1
Blathers,1
gaymer,1
tomato,1
farming,1
DMC,1
DMC5,1
DevilMayCry5,1
Vergil,1
chibikirby,1
Beardo,1
MacMiller,1
malcolmmccormick,1
Disney,1
LoudHouse,1
TheLoudHouse,1
zeroescape,1
SashainBoxes,1
cats,1
CatsOfTwitter,1
daytonight,1
Stream,1
NaNoWriMo21,1
lucky,1
comedy,1
abitfunny,1
halloweenisland,1
music,1
LIVE,1
howto,1
Happs,1
HappsArt,1
ohanabay,1
twitchlive,1
adulting,1
ImALazyType,1
ddlc,1
raccoon,1
pergola,1
NintendoS巴獵島社區籌備2,1
spookyseason,1
trickortreat,1
flowertrade,1
ACNH20,1
BlueReflectionSecondLight,1
NowhereGirl,1
NintendoSwitchYOU,1
brewsterisback,1
tbt,1
squeakoid,1
digitalart,1
ACNHVillagers,1
diys,1
musicbox,1
workout,1
nightsky,1
videogames,1
stars,1
gameenvironment,1
animalcrossingdlc,1
minorucrossing,1
JenPlaysACNH,1
TouhouProject,1
smoothie,1
ImSoQuirky,1
Blind,1
acnhmemes,1
fisheyelens,1
myart,1
ArtistOnTwitter,1
Video,1
Trending,1
acnhvillagertrade,1
ANCHDLC,1
calisthenics,1
ラジオ体操,1
rajiotaisō,1
radioexercises,1
happyfallyall,1
acnhvillagers,1
acnhhalloween,1
CarlyRaeJepsen,1
RunAwayWithMe,1
Tia,1
ACNHcommunity,1
ACNHvillager,1
Beau,1
HappyHomePardise,1
StanNiko,1
animalcrossinnewhorizons,1
yumenikki,1
animalcrossingnewhorizonupdate,1
shigaraki,1
nagant,1
Redd,1
judyacnh,1
bearacnh,1
Cephalobot,1
AFirst,1
SmashUltimate,1
SmashBros,1
SuperMario,1
raymondacnh,1
PandyCove,1
Harrow,1
tlt,1
lottie,1
niko,1
sfm,1
vampiregirl,1
BreathOfFreshAir,1
WhatAVibe,1
BlueSkies,1
HappyDay,1
Megan,1
ACNHhappyhome,1
grind,1
Raddle,1
flowers,1
TwitchStreamer,1
order,1
Coffee,1
lgbtqia,1
Chester,1
truth,1
OMORI,1
redd,1
nintendohappyhome,1
blobbyblowie,1
cybering,1
aneveningwellspent,1
AshleyplaysACNH,1
Furry,1
COMPETITION,1
Rowan,1
ポケ森,1
ポケ森レイアウト,1
ポケ森写真部,1
ポケ森ニンドリ,1
ミッチェル,1
animacrossingnewhorizons,1
blog,1
Spamton,1
Lucky,1
マイデザ,1
monsters,1
GamersUnite,1
Acnh,1
birdturd,1
Zucker,1
genji,1
ACOutfitOfTheDay,1
DrPhil,1
Sherb,1
NewVillagers,1
ELDENRING,1
firstperson,1
DomNo,1
teacherlife,1
Tangy,1
Stitches,1
affiliate,1
inboxes,1
TheGameHERs,1
NoMoreStress,1
BTS,1
SUGA,1
AnimalCrossingPocketCamp,1
animalcrossingswitch,1
hinamori,1
KokoroIsland,1
Hallmark,1
Pokemon,1
crystalball,1
bluebear,1
TwitchAffliate,1
titanic,1
acnhcommunity,1